"I checked some stuff that they said they checked and they said full but not full like liquid for radiator like liquid for windshield like they made all the motor dirt they spoiled oil everywhere they did not clean it when they was changing oil for me the problem that I'm member with jiffylube ",Other service issues,Unprofessional employees
I paid for a tire rotation that was NOT done properly!! I scuffed my rim w/ red paint and it was on the same rim prior to the visit,Tire rotation service issue
Too expensive,Price too high
It cost $61 for a filter and oil change which was approximately $20 more than our previous visit,Price too high
I have my own mechanic,Competition-prefer local mechanic
Before I went to get my oil change my car was running fine but on the way home my car started acting weird and like it wanted to die,Other service issues
My experience was great until checkout,Other issues
"I have a mechanic that does most repairs, but I use Jiffy lube to do my oil changes",Competition-prefer local mechanic
My car was running fine when I brought it into Jiffy Lube,Other service issues
"All I wanted was an oil change, and being young I feel like Your workers started pulling apart my car to get more money out of me",Customer felt threatened
They over charge,Overcharged - charged more than was agreed on
Air filter replacement cost $50 for a $10 part,Price too high
"Because I was told one thing at the counter by a Mechanic , and when I went to pay it was totally different ,",Overcharged - charged more than was agreed on
"I only do oil changes there, I leave everything else to my mechanic",Competition-prefer local mechanic
To much up sell,Overselling-Pressure to buy
"During the tire rotation process, the maintenance person had me look at my brake pads and rotars on both the front and the back",Tire rotation service issue
I will not return to this location,Other service issues
"Deceptive practices, high prices and a lobby that looks like a dump",Price too high
use a dealership,Competition-prefer other car care chain
Oil was spilled when filter was removed improperly,Oil filter issue
"Service tech offered air filter at $10, still charged me $35",Overcharged - charged more than was agreed on
Didn't change oil like suppose to,Oil or filter not actually replaced
Person filling crankcase with oil spilled the oil from the spout all over the engine block several times,Other service issues
Car doesn't run right,Other service issues
Too expensive for just an oil change,Price too high
Another company handles most of my automotive needs,Competition-prefer other car care chain
Would not accept coupon that was not expired and didn't specify location of coupon,Discount/coupon issue
Would rather go to a full service shop for other maintenance,Competition-prefer other car care chain
I have a friend that is my mechanic for anything beyond an oil change,Competition-prefer local mechanic
"I have a trusted garage that I usually visit, they were not open the day I needed my oil changed",Competition-prefer local mechanic
There was oil all over my engine,Other service issues
You guys almost caught my car on fire,Other service issues
"I go to Jiffy Kube for oil changes only, and I hate it when they try to sell me other services",Overselling-Pressure to buy
Because I take my truck to  my mechanic for mechanical work,Competition-prefer local mechanic
I have a regular mechanic,Competition-prefer local mechanic
Upon arrival I was quoted 30 minutes for a brake pad change-out (front only),Service took too long
Did not have part,Item out of stock
I received a coupon from jiffy lube via email and the manager would not accept it,Discount/coupon issue
i will go for a oil change but not other service,Other service issues
I was quoted $99 and 25-30 minutes to replace 1 belt,Service took too long,Price too high
the Jiffylube before this put the cabin filter wrong and damage it  so this shop said they could not replace it,Competition-prefer other car care chain
Go to Toyota dealer,Competition-prefer other car care chain
A lot of upselling,Overselling-Pressure to buy
New car under full warranty,Competition-prefer other car care chain
"I usually get my car needs, including my oil change from Mr",Competition-prefer other car care chain
I do my own routine maintenance,Competition-prefer local mechanic
Service people destroyed several things on my car the last time I was there,Interior/Exterior car damage
I have a regular mechanic that does regular maintenance,Competition-prefer local mechanic
It was a random stop and the experience was nothing like the experience i had at another location in New Jersey,Other issues
Use other shops,Competition-prefer local mechanic
Very poor service,Other service issues
I will use the Subaru dealer,Competition-prefer other car care chain
"I was asked to purchase a number of due maintainence services to which I declined, except a fuel injector cleaner",Overselling-Pressure to buy
Price,Price too high
I have maintenance performed by the Ford Dealer,Competition-prefer other car care chain
Too expensive - I could have gotten two oil changes for what I paid at Midas,Price too high
Expensive,Price too high
Prices are too high,Price too high
It took an hour to change my oil and the shop wasn't even very busy,Service took too long
For othe rmaintenance I take my car to my local mechanic,Competition-prefer local mechanic
THEY GAVE NO INDICATION THAT I WOULD NEED TO WAIT OVER 45 MONIUTES FOR A TIRE ROTATION,Tire rotation service issue
I have a regular mechanic,Competition-prefer local mechanic
WAY overpriced,Price too high
price,Price too high
Basically they told me a price for the air filter change and then when I went to pay the told me it was $15 bucks more,Price too high
Differing opinions from mechanic and friends about necessity of maintenance offered,Competition-prefer local mechanic
nothing i just like to use my mechanic,Competition-prefer local mechanic
Oil change was over $90.00 and I was not told until after the reps already started my oil change,Overcharged - charged more than was agreed on
"I had a scratch on my right side passenger door I know it  wasn't there when I left my house because I was going out of town, and I put my bags in my car and I would have saw when I went home and came back to my car to go out of town that's when I saw the scratch",Interior/Exterior car damage
I go elsewhere for routine maintenance besides oil changes so I don't get ripped off,Competition-prefer other car care chain
Was told the dip stick was stuck and could not be removed to check oil level prior to service,Other service issues
"I will continue to go to the Owings Mills, the location I usually go to because I was not very happy with the Columbia location",Competition-prefer other car care chain
we have a mechanic who works on our cars for other repairs,Competition-prefer local mechanic
The men working on my car did not install my headlights correctly,Other service issues
Just didn't feel like a valued customer,Poor customer service
Have a mechanic in the family,Competition-prefer local mechanic
Changing your prices from 40$ for an oil change to 75$ is a complete rip off,Price too high
Unprofessional staff discussing sex and curing at each other,Unprofessional employees
Maintenance is done by Ford under warranty maintenance done by Ford,Competition-prefer other car care chain
Didn't realize how expensive an oil change is 75 for a regular oil change  with high milage,Price too high
It took 90 minutes for the service,Service took too long
"I use my car dealership for repairs, service other than oil changes",Competition-prefer other car care chain
I got a battery replaced here and left with my entire car shaking,Interior/Exterior car damage
After 6 days of driving  I had to get another oil change after the light in my vehicle indicated that my oil needed to be changed,Oil filter issue
I have a trusted mechanic,Competition-prefer local mechanic
I go to the dealership for more extensive maintence,Competition-prefer other car care chain
There was no other car in the shop but mine and 4 guys managed to mess up my oil change,Oil filter issue
They almost lost my registration card! Spent about 15-20 minutes looking for it--oops,Item missing/stolen
Pricing,Price too high
Bolt holding oil pan stripped previous visit  $314,Overcharged - charged more than was agreed on
I go elsewhere for maintenance or do it myself,Competition-prefer local mechanic
Staff seems inexperienced,Employees not knowledgeable
I had asked them to look at a fuse - and they said they did not do that,Other service issues
I have a private mechanic who works on my cars,Competition-prefer local mechanic
"Other than oil changes, jiffy doesn't offer too many repair services",Other service issues
After my initial service was completed my battery appeared to be weak and drained to the point that I could not start my car,Alignment or Battery service issues
Didn't think they did much more then oil changes,Other service issues
I feel I was duped into buying oil that I had never used and did not want,Misinformation about car/service needs given to customer
They did the oil change wrong and oil leaked all in my engine no one called back,Incorrect oil level/quantity
I get my other services done at a mechanic,Competition-prefer local mechanic
The oil change and small repairs were done well but the man at the service window was VERY misogynistic,Unprofessional employees
"When I returned straight home, went back out to my card had a very flat tire, I took the tore off took it to Firestone they said the value stem had been loosen",Interior/Exterior car damage
"Well, I felt very pressured to buy/add on things that I deemed unnecessary for my vehicle at the time",Overselling-Pressure to buy
Car is relatively new and still under warranty - any further items that need attention will be completed at the dealership,Competition-prefer other car care chain
I cna do it myself,Competition-prefer local mechanic
Not that great,Other service issues
have my own mechanic for that,Competition-prefer local mechanic
Too expensive for the quality,Price too high
I was displeased with the service I received I was in the shop for an hour just for a oil change and I was the only vehicle  there the technician indicated that they didn't have the necessary tools to take the oil filter off and I had to wait for it to be delivered,Service took too long
Because I simply had an oil change and had to return 2 times to get my unresolved issue taken care of,Oil filter issue
The price,Price too high
Window cleaning only half done,Other service issues
Only because I have a regular service station I use but didn't have the time yesterday,Competition-prefer other car care chain
I do not believe your staff has the expertise to do more sophisticated repairs,Employees not knowledgeable
Had a 15% off coupon that I received through email from prior visit that was not honored,Discount/coupon issue
I don't take my cars to Jiffy Lube for anything other than oil changes,Competition-prefer other car care chain
The staff was nice but it took 1 hour from when the car was pulled into the service area to when it was pulled out for a basic oil change,Service took too long
Expensive,Price too high
"Dirty handprints on fender, armrest and windshield",Other service issues
"Stop the hard sell of accessories, I change my own air filter, and other than my oil changes all maintenance work is done by my Ford dealership",Competition-prefer other car care chain
Not sure if Jiffy Lube has BMW parts and trained technicians,Item out of stock,Employees not knowledgeable
Way too expensive!,Price too high
I have a car mechanic I go to for other services and maintenance,Competition-prefer local mechanic
Have another shop that takes care of vehicle,Competition-prefer other car care chain
Did not get good service,Poor customer service
I was disappointed in the fact they said they vacuumed by car and cleaned the outside of my windows when it was obvious they did neither,Other service issues
Rude inexperienced crew,Unprofessional employees,Employees not knowledgeable
When I got home my car was leaking oil and a gasket had been broken on the old change,Interior/Exterior car damage
I HAVE A REPAIR SHOP FOR ALL MY OTHER REPAIR NEEDS,Competition-prefer other car care chain
I have a mechanic for all my other car needs but I usually come in for oil changes,Competition-prefer local mechanic
I waited over an hour to get a quote for brakes and the amount was outrageous,Service took too long,Price too high
I have heard negative stories about Jiffy Lube in the past,Other issues
Jiffy Lube is great for oil changes because they are fast and reliable but I would likely take my car to the Midas across the street for other service or repairs because they are a full service mechanic,Competition-prefer local mechanic
Can get it done cheaper and with less pressure to upgrade to more services,Competition-prefer other car care chain
"Came in for routine oil change prior to leaving for trip,  carpet vacuum and window cleaning are said to be done during this service",Other service issues
Was forced into hugging one of the mechanics,Competition-prefer local mechanic
"They didn't vacume my car barley during my oil change, and they always try to get more money out of you for even basic oil changes",Vacuuming not done propertly
The on board computer systems were not updated to reflect an oil change happened,Oil filter issue
"Workers lied and told me things that I really didn't need at the moment, and expected me to pay for services checking them off without even asking me",Misinformation about car/service needs given to customer,Didn't get customer prior approval to authorize work/expense
I felt there was no leadership in the store,Poor customer service
The service team got my vehicle and another vehicle mixed up,Other issues
Price,Price too high
I was treated horribly,Poor customer service
They have things listed down on my bill that havent been done,Overcharged - charged more than was agreed on
I have same mechanic for over 20 years,Competition-prefer local mechanic
HAVE OTHER MECHANIC,Competition-prefer local mechanic
Have two mechanics in family,Competition-prefer local mechanic
Have other mechanic,Competition-prefer local mechanic
"father is a mechanic, but i don't bother him with oil changes",Competition-prefer local mechanic
Have a great mechanic already,Competition-prefer local mechanic
I have a mechanic that I have perform all other maintenance,Competition-prefer local mechanic
"The prices are higher here than the jiffy lube in Albany, NY",Price too high
I opened my glove compartment today and it slammed open,Interior/Exterior car damage
I do all my major maintenance at the dealership,Competition-prefer other car care chain
My tires were not inflated to the proper pressure,Other service issues
Employees were unkept and rude,Unprofessional employees
Pretty grim group at this location,Unprofessional employees
I have used various JL's over 3 decades and this may ne the last time I do,Other issues
I use my dealer for repairs,Competition-prefer other car care chain
I have a garage that I go to for other work,Competition-prefer other car care chain
i don't usually go to Jiffy Lube for service,Competition-prefer other car care chain
take to my mechaninc,Competition-prefer local mechanic
Teach the people who to check tire pressure and how to tighten the oil plug lol,Employees not knowledgeable
Have a mechanic I trust,Competition-prefer local mechanic
anything beyond an oil change I get my son-in-law's father's shop to do,Competition-prefer local mechanic
A family mechanic takes care of other maintenance or work needed,Competition-prefer local mechanic
It goes to the Dealership manufacturer,Competition-prefer other car care chain
The opaque pricing process leads to miscommunication and suspicion,Communication
"(1) I have a mechanic that I use for all maintenance",Competition-prefer local mechanic
I went there for an inspection and i failed because supposedly my struts were loose and a lug nut couldnt be taken off,Other issues
They charged for items after the fact,Overcharged - charged more than was agreed on
Have a regular garage we use for most things,Competition-prefer other car care chain
"I go to a mechanic for that, but to Jiffy Lube for oil changes",Competition-prefer local mechanic
Dealer service and parts,Competition-prefer other car care chain
Have a personal mechanic,Competition-prefer local mechanic
"I don't have a Jiffy Lube in my hometown (Canton, GA) and use a auto shop for my regular maintenance",Location,Competition-prefer other car care chain
My 1990 Saab was nearly destroyed by a service man who didn't know how to drive stick shift,Interior/Exterior car damage,Employees not knowledgeable
Don't trust jiffy lube to do anything else besides oil changes,Untrustworthy\Mistrust
because the oil change was more then the last two times I was there also the next morning when I went to start up my car it wouldn't start,Oil filter issue
was there for over an hour,Service took too long
They added services without my consent! Period!,Didn't get customer prior approval to authorize work/expense
"During service, the tech broke the air inlet from the air filter to the throttle body and didn't tell me",Interior/Exterior car damage
Already have places for the other things,Competition-prefer other car care chain
because we have used the same mechanic for years and completely trust them and they know our cars,Competition-prefer local mechanic
I would take it to the dealership,Competition-prefer other car care chain
I have an excellent mechanic where I prefer to take my car,Competition-prefer local mechanic
The staff upcharges,Overcharged - charged more than was agreed on
Service was slow,Service took too long
Prices,Price too high
We have a mechanic we have used for years,Competition-prefer local mechanic
I have a mechanic that does other work,Competition-prefer local mechanic
The oil and filter were changed and no thing else,Other issues
I felt that their customer service delivery was very poor,Poor customer service
I have a mechanic I use,Competition-prefer local mechanic
Staff was unprofessional,Unprofessional employees
I have a brand new vehicle and will return to the dealership for any additional services,Competition-prefer other car care chain
Ploy ease or unprofessional and disorganized,Unprofessional employees
I bring my Honda Pilot to the dealer for larger services - as it is at 355K miles,Competition-prefer other car care chain
Have mechanic that does all maintenance and repair on my car,Competition-prefer local mechanic
Awful customer service experience,Poor customer service
I waited 90 minutes for an oil change,Service took too long
I was told that several of my fluids were low but I told the people I would take care of them,Other issues
I would go to the dealer for serious maintenance to the car,Competition-prefer other car care chain
Maintenance gets completed at the dealership,Competition-prefer other car care chain
"Pricing just seemed very high, even to get a filter changed out",Price too high
Not confident about services other than Oil and inspection,Untrustworthy\Mistrust
I'm not sure what they did on my car!,Other service issues
Can't afford,Price too high
"well, my check engine light came on after the coolant flushing and oil change","Oil service light not reset "
Too expensive,Price too high
Too expensive,Price too high
HAVE FAMILY SHOP,Competition-prefer local mechanic
Tire light was on when I arrived and was still on when I left,"Oil service light not reset "
"Under Warranty, oil changes for record",Competition-prefer local mechanic
For a $50! oil change ( I only received the generic oil for that price) the service was rude and my car was only partially vacuumed,Price too high
"Sign read ""open bay, no wait"" but it took over an hour for an oil change",Service took too long
Mechanic at home,Competition-prefer local mechanic
"There wasn't much communication, I believe there was a preconceived idea about me, I learned along time ago not to do that when I was in customer service",Communication
Because I can find a cheaper price somewhere else or do it on my own,Price too high
I went in for an oil change and was told that both my alternator and my battery were shot and needed to be replaced for $400+,Price too high
"Way too expensive $ 99 dollars for an oil change, $48 for an air filter, I can't imagine what would be to do anything else, no way never",Price too high
They don't do full service,Employees not knowledgeable
It was my 1st time at this location and they didn't top off or add any fluids,"Fluids not topped off (ie engine coolant, washer fluid)"
My car is under warranty at the place I bought it so all major service there is free,Competition-prefer other car care chain
have a regular mechanic,Competition-prefer local mechanic
Employees are extremely pushy about performing service that you are not there to get done,Overselling-Pressure to buy
Expensive and slow service,Price too high
I get my routine maintenance with someone else who I've been going to for several years,Competition-prefer local mechanic
"Car was not vacuumed, Windows not cleaned, so what else did they not do that I paid for",Other service issues
"It took entirely to long when I got there the lady told me I had four cars in front of me about 15 min each car, I went in for an oil change and took over 2 hrs to get to my car once they finally had my car the guy servicing had my car tilted in the bay and he wasn't sure what was being done to my car the manager told him to figure it out, to me that's horrible service I had my son with me and if I knew it was going to take that long I would have went somewhere else or came back later",Service took too long,Unprofessional employees
Cost,Price too high
They don't have a device to reset the oil light on my VW,"Oil service light not reset "
I take my vehicle to the dealer for maintenance other than oil changes,Competition-prefer other car care chain
"I do not trust the ""salesman"" named Sebastian",Untrustworthy\Mistrust
A service tech broke my oil dipstick and didn't even say anything about it,Interior/Exterior car damage
I have a mechanic I use for maintenance beyond what I can do,Competition-prefer local mechanic
They were extremely slow - took nearly an hour for an oil change,Service took too long
"Nothing, I prefer the dealer for services besides oil change",Competition-prefer other car care chain
Horrible customer service and all around laziness of the staff,Poor customer service
Price,Price too high
I often do my own maintenance other than the oil change,Competition-prefer local mechanic
Price too expensive,Price too high
I am a single mother and I can not afford 70 for a oil change,Price too high
"They didn't clean my windows nor did they vacuume the car I asked for them to check my tire pressure and I saw the man bend over and squeeze one tire with his hand as if that's checking my tires pressure , was very annoyed with the full service oil change , should be called the good enough oil change",Other service issues
I don't have any indication that Jiffy Lube's employees are up to the task,Employees not knowledgeable
They stripped my oil pan,Interior/Exterior car damage
JL services outside of oil changes are grossly overpriced and I doubt the capability of the technicians to perform them,Price too high
I went to get a oil change and transmission service it should of cost 110 then I was told it would be slightly more expensive and at the end I found out it was 220 to do it,Price too high
When they took out my cabin filter it was not properly put back,Interior/Exterior car damage
"The ""protective fender mats"" were covered in oil and covered both front fenders and hood with oil",Other service issues
Too expensive!!!! 92$ for an oil change is crazy,Price too high
I don't trust Jiffy Lube for anything beyond an oil change,Untrustworthy\Mistrust
"Although convenient, products and services are very expensive",Price too high
Pushy service as well as the unintelligible and hot-tempered desk clerk,Overselling-Pressure to buy,Unprofessional employees
"Primarily the location, not close to any Jiffy Lube locations",Location
Too costly,Price too high
Other local business services my vehicles for any other needs,Competition-prefer local mechanic
I can find someone to do the work cheaper than Jiffy Lube,Competition-prefer local mechanic,Price too high
"I purchased a windshield wiper, which was overpriced to begin with, I drove away and got about five miles down the road and went to use the wiper and it flew off",Price too high
The cost was almost $100 for an oil change,Price too high
I use the dearler for maintenance,Competition-prefer other car care chain
I have a mechanic,Competition-prefer local mechanic
"The last two times I have gotten my oil changed at Jiffy Lube, the next day, my oil light began coming on","Oil service light not reset "
Would rather take my vehicle to my mechanic,Competition-prefer local mechanic
I do my own repairs,Competition-prefer local mechanic
"I was from out of state, needed an oil change, went to Jiffy Lube and was charged $91 for oil change",Overcharged - charged more than was agreed on
The technician that was looking at my car didn't do a very thorough job,Other service issues
One of the mechanics cut their finger in my car and left blood on a shopping bag I had inside my car,Competition-prefer local mechanic
They didn't do half of what was on the recipe,Overcharged - charged more than was agreed on
It's too expencive,Price too high
I leave the more complicated maintenance issues to my mechanic,Competition-prefer local mechanic
I can do it myself,Competition-prefer local mechanic
caused my oil get more leak,Oil filter issue
My son works on my car when there is something other than an oil change,Competition-prefer local mechanic
All other services are over priced,Price too high
Manager at the location I went to was a total Jerk,Unprofessional employees
When I was cashing out the technician said they could not accept my Jiffy Lube Car Care One credit card,Discount/coupon issue
Cause I don't like the welcome and the service seem wasn't complete in timely fashion,Poor customer service,Service took too long
I had cash and my USB cord that hooks from my iPhone to my car stolen,Item missing/stolen
"My glovebox was off the hinge, the windows were not washed and the floors weren't vacuumed",Vacuuming not done propertly,Interior/Exterior car damage
Constant hard upselling,Overselling-Pressure to buy
"Unfortunately, my wife requested Synthetic Oil instead of the regular stuff, so we ended up paying $72.99 instead of $26",Price too high
I usually work on my own vehicle,Competition-prefer local mechanic
"I have a person who knows my car and he knows it well, so I always go to him",Competition-prefer local mechanic
Past experiences and the fact that I do my own maintenance on my vehicle,Competition-prefer local mechanic,Other service issues
High prices and poor diagnosis on my vehicles,Price too high
Too much time spent telling technician I didn't want extra things,Service took too long
I have a new car with warranty,Competition-prefer other car care chain
I have a mechanic who handles my other car needs,Competition-prefer local mechanic
My tires were not inflated,Tire rotation service issue
I can get it done just as well for cheaper at different places,Competition-prefer local mechanic
I work  for an auto parts warehouse and do the work myself,Competition-prefer local mechanic
Prices,Price too high
Not confident,Employees not knowledgeable
I have a mechanic that I trust and use for routine maintenance,Competition-prefer local mechanic
Have a local mechanic,Competition-prefer local mechanic
Services are just a little on the pricey side,Price too high
I have a mechanic,Competition-prefer local mechanic
Past history,Other service issues
Your maintainence is too expensive & nothing I can't do myself,Price too high
I have a service contract on my car for repairs and problems,Competition-prefer other car care chain
Have a mechanic I trust,Competition-prefer local mechanic
"It took an hour and a half for an oil change, tire rotation, and inspection",Tire rotation service issue
Total disregard for my time,Service took too long
"Nothing with the Team, I'm in the automotive business and will use my facility first",Competition-prefer other car care chain
it seems like you force services that are not needed,Overselling-Pressure to buy
I perform all my other services such as brake work and the such!,Competition-prefer local mechanic
They are unable to lift my truck,Employees not knowledgeable
Will go to dealer,Competition-prefer other car care chain
I was taken advantage of! Walk in with a $20 groupon told me I couldn't use it while they already did my car! I was forced to pay 88$ My car wasn't even vacuumed which they claimed they did ! It was raining they wiped my back window and left smuge all over it so I can't see out of it! As well as they never checked my air pressure because later that night I had to and it was low!!!! What a scam & a rip off!!!!,Discount/coupon issue,Customer felt threatened,Vacuuming not done propertly
I asked them to refill my windshield washer fluid and they said they did but it was empty when I checked later that day,"Fluids not topped off (ie engine coolant, washer fluid)"
High prices and employees seem shifty and up to no good,Price too high,Unprofessional employees
I have a local mechanic that I use for other maintenance issues,Competition-prefer local mechanic
"left car , was told I would be called when finished, no one called",Poor customer service
"Well yesterday, cars that were in the back of me got pushed in front of me",Later-arriving customers served ahead of me
"Told me I had a bad oil leak, I don't because I never have to add oil between changes",Misinformation about car/service needs given to customer
It was suggested that I replace my transfer case & differential fluids,Other service issues
Customer service is thr worst,Poor customer service
"I dropped off my truck and asked to be called when done, that was not done",Poor customer service
Probably will take care of this at my car repair place (trust them more),Untrustworthy\Mistrust,Competition-prefer local mechanic
I use a garage mechanic for maintenance and repair,Competition-prefer local mechanic
you did a tire rotation and broke one of the screws that holds the tire in place,Tire rotation service issue
Inexperienced techs,Employees not knowledgeable
Don't have faith in techs beyond oil change,Untrustworthy\Mistrust
I have a personal mechanic I use for those services,Competition-prefer local mechanic
The cost of the service is completely ridiculous,Price too high
The Bedford location has been getting a little aggressive with their upsale tactics,Overselling-Pressure to buy
Usually use my regular mechanic for anything major,Competition-prefer local mechanic
Mechanic continue to up-sale on unnecessary vehicle needs,Competition-prefer local mechanic
On my last visit for an oil change I was told I needed transmission flush and fill and was told it was $120,Price too high
everytime i go to jiffy lube I feel the technicians are pushy,Overselling-Pressure to buy
"The man in the reception, I think his name is David, was rude disrespectful & condescending",Unprofessional employees
My husband's company has a mechanic who services all of our vehicles,Competition-prefer local mechanic
The agent was not very pleasant,Unprofessional employees
"I paid for the signature change that includes a tire rotation, car vacuum and exterior window cleaning and none of those were done",Tire rotation service issue,Other service issues
Poor floor management resulted in excessive waiting time,Service took too long,Unprofessional employees
I already have a repair shop,Competition-prefer local mechanic
"I use a regular mechanic, and other resources for most of my regular maintenance",Competition-prefer local mechanic
"Over priced, straight mineral oil not offered nor available",Price too high
They didn't call me when my car was finished like they asked,Poor customer service
I feel like every time I go for an oil change I am told there is something else that needs to be prepared,Misinformation about car/service needs given to customer
I was told 30 minute wait and so I walked down the street to eat breakfast not really concerned with the time,Service took too long
Customer service was awful asking questions about my car no one had answers,Poor customer service,Misinformation about car/service needs given to customer
Over priced for very little necessary work,Price too high
Have a hybrid car & issues can require certain training,Employees not knowledgeable
"$96.00 for an oil change",Price too high
The services that are included in oil change price were not performed,Price too high
The jiffy lube I went to has gone way down hill,Other service issues
I use another mechanic for things beyond oil changes,Competition-prefer local mechanic
we have our own mechanic,Competition-prefer local mechanic
"I take my car to my mechanic for things that you don't work on, ie: O2 sensor issues, etc",Competition-prefer local mechanic
Costly,Price too high
Exterior windows were not cleaned and tire pressure was not checked,Other service issues
"We live in Elkton, FL",Location
I am more comfortable with the mechanic we've been using for years,Competition-prefer local mechanic
Misled by a coupon,Discount/coupon issue
Jiffy Lube was unable to replace the headlight bulb I needed,Other service issues
I do not use jiffy lube for maintenance,Competition-prefer local mechanic
"I usually perform the services myself, today's visit was due to lack of time",Competition-prefer local mechanic
I have a regular mechanic who does other work,Competition-prefer local mechanic
When the tech checked my cabin filter he left his rag in it when he put it back in place and when I turned my A/C fan on it made a horiffic noise,Interior/Exterior car damage
Price for the level of service,Price too high
"Nothing about my experience, I go to someone else for maintenace",Competition-prefer local mechanic
Nothing about experience - just prefer dealer since car is still under warantee,Competition-prefer other car care chain
I use a trusted mechanic for services beyond oil changes,Competition-prefer local mechanic
The lack of sincerity and honesty from the associates,Untrustworthy\Mistrust
most major repairs and maintenance I go to the dealer,Competition-prefer other car care chain
The customer service was very poor,Poor customer service
I do other things myself,Competition-prefer local mechanic
Took forever even though when I arrived there was no one else there,Service took too long
I was being charged for something I didn't need,Overcharged - charged more than was agreed on
I prefer to go to my regular mechanic for any other work,Competition-prefer local mechanic
"While replacing wiper blades, the tech cracked my windshield",Interior/Exterior car damage
I don't believe in adding things to a bill that is not requested,Overcharged - charged more than was agreed on
My car ran perfect when I brought it in,Other issues
I have a mechanic,Competition-prefer local mechanic
"They checked off that they did things and they did not vacuum, wash wondows,  power steering level low as was antifreeze",Overcharged - charged more than was agreed on,Vacuuming not done propertly
Led to believe car needed synthetic oil when it only requires conventional,Misinformation about car/service needs given to customer
Untrustworthy,Untrustworthy\Mistrust
I have my vehicle serviced elsewhere,Competition-prefer local mechanic
I have a mechanic,Competition-prefer local mechanic
I always feel pressured to purchase additional services when all I want is an oil change,Overselling-Pressure to buy
Your prices are not competitive w/several other repair shops that have demonstrated proficiency,Price too high
I take my vehicle to the dealer for work that I don't do myself,Competition-prefer other car care chain
I have regular service performed at an auto mechanic shop I have patronized for years and they know me and my car very well,Competition-prefer local mechanic
They tried to sell me services I didn't need,Overselling-Pressure to buy
"It was very expensive, the price of the oil change outrageous",Price too high
I typically get my vehicle service at the dealership,Competition-prefer other car care chain
Prices seemed a bit high,Price too high
Vehicle Warranty does not permit additional maintenance by other shops,Competition-prefer other car care chain
I go to another full service garage for needs beyond a oil change,Competition-prefer other car care chain
"The fact that we have been a customer for many years, on the last visit I was not asked about anything that needed to be done on the vehicle and then they simply checked off declined for vacuuming and washing the windows",Didn't get customer prior approval to authorize work/expense,Vacuuming not done propertly
Had some coins stolen out of the dash during my vehicle inspection,Item missing/stolen
The prices for parts are outrageous,Price too high
Mechanic,Competition-prefer local mechanic
I have my own trusted mechanic that does my repairs,Competition-prefer local mechanic
The service man behaved in an arrogant manner never answered my questions clearly,Misinformation about car/service needs given to customer
Everything was a little disorganized,Unprofessional employees
I have issues trusting anything other than oil change,Untrustworthy\Mistrust
Poorly treated by Phil when I presented a coupon,Poor customer service,Discount/coupon issue
Feel undo pressure to pay for additional services,Overselling-Pressure to buy
You are overpriced and the staff is very inexperienced,Price too high
Dealer prices are lower,Price too high
The store is very understaffed,Other issues
"Did not vacuum, did not check tire pressure, did not fill washer fluid, question wether they even changed the oil and filter, did not change brake light that was out",Vacuuming not done propertly,Other service issues,Brakes services
Have own service agent,Competition-prefer local mechanic
"They tried to say hi needed a cabin filter when they were showi,g it to me, it wasn't even dirty",Competition-prefer local mechanic
I have a trusted mechanic I have do all my other work,Competition-prefer local mechanic
Tried to sell me a battery I don't need,Overselling-Pressure to buy
"When I got in my car to leave after I had paid for my service, my glove box was open and hanging down and all my papers were on the seat",Interior/Exterior car damage
I have a very good mechanic in my neighborhood,Competition-prefer local mechanic
They broke pieces on my car  and denied it did not put clamps back down on hoses have to do any flash,Interior/Exterior car damage
Nothing to do with location,Location
We get most maintenance done at dealership,Competition-prefer other car care chain
"The computers were down  which is understandable then I asked my tire pressure to be checked but they said the machine was broken but usually you can do it with a handheld device, why did they need to use the machine? Also the man that brought around my car was very large and sweaty and when I went to sit in my car my seat was soaking wet I almost vomited ",Employees not knowledgeable,Other service issues
I believe the services are overpriced,Price too high
My car was pulled out of the bay for approximately 15 minutes before anyone approached to share what was happening,Service took too long
One of the lug nuts which was perfectly fine before bringing the car in for service was noted as seized after the service was done,Interior/Exterior car damage
car leaking oil,Oil filter issue
The price is too high,Price too high
They let the guy underneath changing the oil walk up the stairs and drive the vehicle out covered in oil,Oil filter issue
The mechanic damaged my car by not reattaching the skid plate,Competition-prefer local mechanic
I will do it myself,Competition-prefer local mechanic
They tried to bamboozle me on the service on my car,Overselling-Pressure to buy
"This was with a doubt, the most unprofessional, rude, and humiliating experience I have EVER experienced at an automotive franchise",Unprofessional employees
Pushy on sales all I need was an oil change,Overselling-Pressure to buy
i have a great mechanic,Competition-prefer local mechanic
I waited 2 hours to get service! I have never waited this long for an oil change even in the busy afternoon,Service took too long
Service was EXTREMELY slow,Service took too long
I have it done somewhere else,Competition-prefer local mechanic
Left car with oil stains inside and out,Interior/Exterior car damage
I prefer to have that done at the dealer,Competition-prefer other car care chain
Had a bad experience with the manager on duty regarding getting over charged,Overcharged - charged more than was agreed on
We use Stadium Nissan for regular service other than an oil change,Competition-prefer other car care chain
A spring popped out of the bypass when they removed my oil filter and now I have to pay to have that replaced,Oil filter issue
your employees are way too pushy and your prices are outrageous,Price too high
Cost of a synthetic oil change was almost 3 times the dealer's cost,Competition-prefer other car care chain
they are clueless mechanics,Competition-prefer local mechanic
Normally the service is good but this time the service was poor,Other service issues
We have a mechanic that does all our maintenance beyond an oil change,Competition-prefer local mechanic
Very high price for an oil change and the technician spilled oil on the front of my car and engine compartment,Price too high
Third time your workers tried to cheat me in a row,Untrustworthy\Mistrust
My husband works on our cars,Competition-prefer local mechanic
I had an oil change and the oil filter was not included,Oil filter issue
You tried to get me to have a number of services done to my vehicle which were not needed,Overselling-Pressure to buy
Had a groupon and it was refused,Discount/coupon issue
I'm not confident in Jiffy Lube's employees' skill level nor customer service abilities,Unprofessional employees,Poor customer service
They broke stuff on my truck and would not do anything to fix,Interior/Exterior car damage
"it took too long, and I found the practice of pushing customers for so many extra services offensive",Service took too long
Los Alamitos location needs HELP!,Other issues
My sales person was adamant about my serpentine belt needing to be replaced ASAP,Overselling-Pressure to buy
Drained my oil before disclosing ridiculous price,Price too high
High priced,Price too high
Very rude staff through every step of the process,Unprofessional employees
The people there were very rude and unprofessional,Unprofessional employees
"I issued a complaint via the online form but there was a complete disregard of my requests, they reset the mileage counter for services not received and vandalized my car",Unprofessional employees,Interior/Exterior car damage
I would most likely go to dealership,Competition-prefer other car care chain
Hour and a half wait with job completion took almost 4 hours,Service took too long
I found that the tire pressures  on my two passenger side tires were extraordinarily high,Other service issues
Warranty,Competition-prefer other car care chain
IService people were in a hurry to get out of my car but then too busy to wait on me,Poor customer service
too expensive,Price too high
I have a mechanic in PA who has extensive work for me in the past,Competition-prefer local mechanic
Cashier did not greet me then said my coupon was rejected in the system but she would override it for me,Discount/coupon issue
Will continue regular service and maintenance at dealer,Competition-prefer other car care chain
Way to expensive and everything was an upsell,Price too high
I usually go to the Toyota dealership for service,Competition-prefer other car care chain
Incompetence of employees,Employees not knowledgeable
I do most of my own vehicle maintenance,Competition-prefer local mechanic
I do most of my own maintenance,Competition-prefer local mechanic
Was lied to about the plug to my oil pan,Misinformation about car/service needs given to customer
Use dealer for major maintenance,Competition-prefer other car care chain
Expense,Price too high
"When I got my vehicle inspection, the tech failed to report to state, etc",Employees not knowledgeable
Low tire pressure after an oil change,Other service issues
Price,Price too high
An access panel was opened and the bolts were not put in afterwards,Interior/Exterior car damage
I can get it done cheaper elsewhere,Competition-prefer local mechanic
There have been two incidents involving my neighborhood jiffy lube,Other issues
They did not clean my windows isn't that part of the service?,Other service issues
"Usually I get excellent customer service, however I felt like I was more of an annoyance to the person behind the counter",Unprofessional employees
The employee who drove my car into the bay brought his OPEN coffee cup with him into my car,Unprofessional employees
I will not return because the service was not worth the amount I paid for my oil change,Price too high
I do the additional maintenance myself,Competition-prefer local mechanic
I have never used any other service at jiffy lube,Competition-prefer local mechanic
Too many attempts to sell services creates impression of significant dishonesty,Untrustworthy\Mistrust
"The 5'8"" black bearded ""manager"" who said that he gets paid to up sell customers on other services",Overselling-Pressure to buy
The price of the oil change was a lot higher than most competitors,Price too high
"I had 2 coupons for Jiffy Lube with NO exclusions on them in the fine print, and my local (Draper, UT) Jiffy Lube refused them saying they were for ""other regions""",Discount/coupon issue
I have a dedicated service company that works on my vehicle,Competition-prefer other car care chain
"Not economical, compared with competitors on Groupon",Price too high
I don't believe that Jiffy Lube's service or prices are competitive with other service or prices in the area,Price too high
My 16 year old son got taken advantage of and paid $130,Customer felt threatened
I perform my own maintenance on other items,Competition-prefer local mechanic
I don't feel like they are always honest,Untrustworthy\Mistrust
Prices are way too high for the service received,Price too high
Only one car in front of me getting an oil change and the entire process took over 90 minutes,Service took too long
I was given no information as to why my car failed the safety inspection,Misinformation about car/service needs given to customer
I do my own maintainance,Competition-prefer local mechanic
Did not complete all of the specified items on the signature oil change,Incorrect invoice/vehicle info
The man that was in charge of my payment and information about my car was so abrasive,Overcharged - charged more than was agreed on
Large amount of oil spilled on my driveway,Oil filter issue
The techs were not attentive to which car needed what,Unprofessional employees
Have found much better pricing elsewhere since,Price too high
"So I pulled up and opened my door and the first thing I said is my drivers window is broken do not bring it down, he said we can use the passenger one",Interior/Exterior car damage
"Your prices for an oil change are high, the only reason i used jiffy lube this time was because it was close and I figured it would not matter if i took it to Jiffy Lube rather than the other place i take it",Price too high
"Other than oil changes, windshield chip repair, emissions and inspections done at Jiffy Lube, I have my cars serviced and repaired elsewhere",Competition-prefer local mechanic
I have a mechanic who does all other maintenance of my vehicle,Competition-prefer local mechanic
Because I have mechanic friends,Competition-prefer local mechanic
I was told my tires were inflated- they were not,Overcharged - charged more than was agreed on
I know I'm being oversold,Overselling-Pressure to buy
"The mechanics stated they washed my windows, put air in my tires, and vacuumed my truck",Competition-prefer local mechanic
I have a mechanic that takes care of my vehicles,Competition-prefer local mechanic
I usually get my oil changed for a decent price every time I go to Jiffy lube but for some reason I went in this time and they over priced it like crazy and when I asked him why so high he said they are different from other jiffy lubes and I have been to that location before and it was never high like that,Price too high
This was one of the worst experiences with my car I've ever had,Other service issues
I do not normally service my vehicle at Jiffy Lube,Competition-prefer local mechanic
Fabric seats were left black and dirty by employees,Other service issues
Your technicians are pushy and wanted to go through our insurance to do a repair on our windshield that they had already repaired the last time we went there,Overselling-Pressure to buy
There were only two employees,Other issues
Technician spoke too quickly without explaining when trying to push other services,Overselling-Pressure to buy
They always try and sell you things that you don't need and tell you things that are literally brand-new are going out or need replaced they always try to upsell you and fleece the consumer,Overselling-Pressure to buy
Not ASE certified,Other issues
too much money,Price too high
They left a pool of oil in my skid plate,Other issues
Did not credit me the $10 off,Discount/coupon issue
Price,Price too high
The price of service,Price too high
"I am constantly disappointed that - when I get back in my car, there are greasy fingerprints on the door, the steering wheel, etc",Other service issues
Because I generally do routine maintenance,Competition-prefer local mechanic
Employees were smoking,Unprofessional employees
"It took 45 minutes for my car's oil to be changed, even though there was no line in front of me",Service took too long
I requested the cheapest oil change and still ended up paying $50,Price too high
Price,Price too high
Expensive than the showroom service price,Price too high
Oil was dripped on the side of the vehicle,Other service issues
The price of the oil change was about $15 more than the price I pay for the same service at a Havoline Store less than 2 miles away,Price too high
I usually go to my dealership,Competition-prefer other car care chain
price value and I was not pleased with the fact I was being charged an upcharge for a filter I did not request nor require,Overcharged - charged more than was agreed on
Location is far from my residence and inconvenient for many services,Location
Price!!!!!  Last service at Chevy dealer was less and inc tire rotation,Price too high
Paid for coolant to be filled and I left with it empty,Overcharged - charged more than was agreed on
I paid for signature service and my car was not vacuumed or Windows cleaned,Other service issues
Did not top fluids or vacuum,"Fluids not topped off (ie engine coolant, washer fluid)"
I do my own maintaince on my car,Competition-prefer local mechanic
"My husband can do a lot of the work that jiffy lube offers, himself",Competition-prefer local mechanic
"My iPhone holder (attached) to my car vent, which held my iPhone and gave me directions to the Jiffy Lube, was missing when I left",Item missing/stolen
"due to them using an oily rag to dry my windshield,  I had trouble removing the oil residue and I had to use dawn to remove the grease from my windshield",Other service issues
Cost of service was too high,Price too high
I have a mechanic,Competition-prefer local mechanic
I already know a good mechanic that I have been to before and trust,Competition-prefer local mechanic
Not convinced they have the talent or equipment to do job
too expensive,Price too high
I asked about an oil change for my car and was told signature service was $45,Price too high
I have always had my cars serviced at Jiffy Lube and have had the best service but my last visit did not go well,Poor customer service
"The ""mechanics"" forgot to add oil back to our vehicle!  After a few unsuccessful attempts by the manager to ""clear"" what he thought was a ""change oil"" light, despite my telling him it was an ""oil level"" idiot light, he rev'd the engine a few times, the light flickered out & back on again, and he said the battery needed to be replaced!  We drove off & by the grace of God and my intuition we stopped at a AutoZone parts store ~2miles away",Incorrect oil level/quantity,Competition-prefer local mechanic
For one they messed up my tire pressure sensor for two I asked them to check my spark plugs and they didn't and instead of admitting they forgot they blew me off,Overcharged - charged more than was agreed on
I was scheduled to have a oil change on my 2003 Crown Victoria  so I want to a automotive shop (Christian Brothers in Sandy Springs Ga,Competition-prefer other car care chain
I do my own maintenance,Competition-prefer local mechanic
Prices way too high for shitty service,Price too high
Too expensive,Price too high
"Cost of service for oil change is too high ",Price too high
Have regular mechanic that does other routine maintenance,Competition-prefer local mechanic
"It won't be ""Jiffy""",Service took too long
Only trust them with oil changes,Untrustworthy\Mistrust
The skill sets at my regular maintenance provider are better in my opinion,Competition-prefer local mechanic
"Pretty sure I was ""upsold""",Overselling-Pressure to buy
Better satisfied at another place,Competition-prefer local mechanic
Lied about cleaning windows and vacuuming which i really didnt need done in the first place but why lie about doing it? Suggested i buy services for the vehicle that were not needed,Other service issues
I felt like the initial prices quoted to me were inflated because I am female,Price too high,Female felt taken advantage of
"I got an oil change and when I received my final paperwork it showed that my fluids were topped, Windows cleand, car vacuumed",Other service issues
To expensive,Price too high
The cost,Price too high
I have an excellent shop for other maintenance,Competition-prefer local mechanic
They got oil on my white seats for the second time and then made me feel uncomfortable and like he wasn't gonna take no for an answer when he told me that I needed transmission fluid and I told him I was gonna wait because I didn't have much time that I was on my lunch break,Service took too long
Too expensive,Price too high
Car still under warranty so will return to dealer for other maintenance,Competition-prefer other car care chain
"Don't live here and always go to my dealer ",Competition-prefer other car care chain
Too expensive,Price too high
"Though the staff was very courteous, I  did not receive the signature service I was expecting",Other issues
Because we have a mechanic who does all other maintenance on our autos,Competition-prefer local mechanic
We had to wait over 40 minutes to get serviced,Service took too long
It took an hour and a half and then as I was leaving they had to pull my truck back in to drain some oil out because two different guys worked on it and both added oil,Service took too long
Employees standing around and talking while there is a line of cars waiting,Service took too long
I really don't like feeling like I'm constantly having additional services and products pushed on me,Overselling-Pressure to buy
I am not certain they will understand how to work on my specific model/make/year of my vehicle(s),Employees not knowledgeable
the Prius is a very specialized vehicle,Other issues
Prices,Price too high
I feel that I was being tricked in to overpaying for my oil change,Price too high
"beyond regular oil and filter changes, all my auto maintenace cares are done at the car dealership",Competition-prefer other car care chain
It took a long time to get a cabin filter and then about 40 more minutes to out it in,Service took too long
I have a mechanic,Competition-prefer local mechanic
It ended up costing me a lot of money,Price too high
Overpriced compared to others in the area,Price too high
Too expensive,Price too high
The cost was much higher than I have payed at other places,Price too high
They broke a part on my car while trying to rotate my tires,Interior/Exterior car damage
I don't trust Jiffy Lube with maintenance other than Oil change,Untrustworthy\Mistrust
I only use jiffy lube for oil changes and tire rotations if it is something bigger than that I prefer that the dealership looks at it,Competition-prefer other car care chain
I take my Mini to BMW dealer for all but oil changes,Competition-prefer other car care chain
"Had 4 power steering pumps installed, and none of them fixed my steering",Other issues
Too expensive!,Price too high
They tried to overcharge me,Overcharged - charged more than was agreed on
"I go other places for things like tires, etc",Competition-prefer local mechanic
I do other maintenance myself,Competition-prefer local mechanic
My wheel and key were full of dirty oil after the oil change,Other service issues
Go to dealership,Competition-prefer other car care chain
I don't go to jiffy lube for that,Competition-prefer local mechanic
"This service took over two and a half hours, and my serviceman was sexist, patronizing, and only directly addressed my boyfriend as a decision maker (he is not, it's my car not his) My boyfriend gave no indication that he wished to be a part of the conversation, but our serviceman said -in front of me - that he wanted to talk to the man since women don't know anything about cars and can't understand his explanation",Service took too long,Female felt taken advantage of,Unprofessional employees
I go to a VW specialist for anything beyond a simple oil change,Competition-prefer other car care chain
I have another mechanic I usually use but Jiffy Lube is more convenient for oil changes,Competition-prefer local mechanic
"was told needed wiper blades and didn't want them to get replaced ,they were just replaced and it started to rain as leaving and bolt fell out and had to go back in for them to fix  the bolt on the wiper blades",Overselling-Pressure to buy
Take forever to be done,Service took too long
I went in for an oil change and check my air cabin filters and forgot to put them back and then I called they Lost the trays and i had to make a second trip for them to find them accidental i know but there was no compensation or anything for the 20-minute wait while they looked around for it,Item missing/stolen
Not replacing clamp and hose that was taken off,Interior/Exterior car damage
The worker there broke the inside handle on my driver's side door,Interior/Exterior car damage
I have a machamic,Competition-prefer local mechanic
As a single mom I had no choice but to bring my daughters with me,Other issues
I have to say that I will definitely not return to that specific Jiffy Lube,Other issues
Wanted fuelfilter changed got home and checked still had old filter new one was not installed and was charged $10 more than what the computer showed was the right price,Price too high,Oil or filter not actually replaced
"Normally I have always had a good experience at jiffy lube ",Other issues
I have a very good mechanic for the other things I need done and I feel that the techs at Jiffy lube will say anything to make some other kind of sale,Competition-prefer local mechanic
"I have t mentally prepare myself for a visit to Jiffy Lube for just an oil change, since I have always found your high-pressure sales pitch for things beyond the oil change hard to handle",Overselling-Pressure to buy
The technician spilled a lot of old when removing my oil filter,Other issues
Oil changes are far too expensive there anymore,Price too high
I hate getting asked if I want an extra $500 worth of services when I came in for only an oil change,Overselling-Pressure to buy
Prefer to use other shops for non-oil change maintenance,Competition-prefer other car care chain
We have a regular mechanic who takes care of other issues,Competition-prefer local mechanic
I have a good relationship w/ my dealership that services and knows my car inside and out,Competition-prefer other car care chain
I left and as I was driving to work the next morning (first time I had driven my car other then taking it home) my tire pressure light came on,Other service issues
The management is poor and is not professional,Unprofessional employees
To expensive,Price too high
My what use to be a quick oil change has turned into a 35 minute oil change,Service took too long
They honestly lied to me about my oil,Untrustworthy\Mistrust
I have a family mechanic that will do the work,Competition-prefer local mechanic
They did not reset the maintenance required light on my car again,"Oil service light not reset "
"I feel I was over charged, and the charges on the invoice are to hard to understand",Overcharged - charged more than was agreed on
"Brother owns a Ford Dealership and handles such items at a price (""free"") that Jiffy Lube would be unlikely to match ",Price too high
The price,Price too high
"First, it is always different people working there",Other issues
Your prices are outrageous,Price too high
"Didn't put an updated next oil change sticker in the window, plus your just too expensive !!! I can get synthetic oil for the price you charge",Overcharged - charged more than was agreed on
I believe that Jiffy Lube tries to sell you unnecessary services to boost their bottom line,Overselling-Pressure to buy
Too expensive,Price too high
On the high side on price for an oil change,Price too high
Expensive,Price too high
The tech that I wouldn't trust,Untrustworthy\Mistrust
I asked for cheapest oil change and was told I needed this expensive oil which I had on idea,Price too high
They serviced someone else's car before mine,Later-arriving customers served ahead of me
"The time before this last oil change, they didn't secure a panel or whatever it was and I had to go to the Hyundai dealership to have it fixed/secured",Competition-prefer other car care chain
I would plan on going to a dealer for anything more complicated,Competition-prefer other car care chain
I am used to clean vehicle and fluids checked and topped off,Other service issues
95% positive that my car window was scratched,Interior/Exterior car damage
"After taking my car to get the oil changed, something proceeded to fall off of my car as I was driving on the highway",Interior/Exterior car damage
I have a personal mechanic that handles all my needs for my vehicle,Competition-prefer local mechanic
Asked for a basic oil change and was upgraded without asking me and was charged more for it,Overcharged - charged more than was agreed on
"I was the only vehicle in the bays  5 kids working, only 1 kid (avery) was actually working",Service took too long
Recommended and charged for services with over the top prices,Overcharged - charged more than was agreed on
Husband performs all routine maintenance on our cars,Competition-prefer local mechanic
Have my Corvett serviced at local Chevy dealer with a specialist tech,Competition-prefer other car care chain
I asked for a tire rotation and they did not do one,Tire rotation service issue
Oil filter installed improperly,Oil filter issue
Too expensive,Price too high
Too expensive,Price too high
"Service rep offered my 2016 vehicle high mileage oil, made me feel like they weren't aware of what they were selling me",Misinformation about car/service needs given to customer
I had multiple additional charges for bringing my Volvo in for an oil change compared to when I previously brought in my Acura,Overcharged - charged more than was agreed on
Time,Service took too long
I take it elsewhere for service other than oil changes,Competition-prefer other car care chain
I usually use someone else for other repairs,Competition-prefer local mechanic
"well first I have a brand new car I'm also the first and only owner and have less the 20k miles on my vehicle they told me, my break fluid tested 4 percent and that I would need a break flush which cost $99.99",Price too high
"I have been to many different places for an oil change but have never paid so much, even for synthetic oil",Price too high
Usually service with jiffy lube is fine
I asked for the cheapest oil change and he charged me $40 when they had a guy standing outside with a sign for $22.99,Overcharged - charged more than was agreed on
"They forgot to use my Groupon, told me to try to sell it to a coworker or come back in a few months for another oil change",Discount/coupon issue
"After passing an employee holding a sign advertising a good price for an oil change, I was not asked what level of service I wanted when my information was taken",Price too high
"$20 CHARGE FOR A SIGNAL LIGHT",Overcharged - charged more than was agreed on
I felt as if I was overcharged,Overcharged - charged more than was agreed on
Too expensive comparitvely,Price too high
I have a regular mechanic I take the car to whenever it needs routine maintenance,Competition-prefer local mechanic
Over priced and lied to,Price too high
DO NOT like the constant pressure of store personnel to buy air filters or discuss services that I didn't come in to get,Overselling-Pressure to buy
Sometimes the staff is not very friendly,Unprofessional employees
The price of the oil change is way too high,Price too high
I can do most other matainence myself,Competition-prefer local mechanic
A lot of grease on outside of my driver door and on drivers seat and door interior,Other service issues
Have warranty on everything else or easy to do myself,Overcharged - charged more than was agreed on
"Vacuum was not completed, although invoice says it was",Vacuuming not done propertly
"Price of synthetic oil doubled, What the Hell! Oil prices are down",Price too high
Do most myself,Competition-prefer local mechanic
"Mostly cost, prices are extremely to high for a lube change",Price too high
I had to bring my car right back after having an oil change due to my car smoking,Oil filter issue
The female associate (Iracely I believe that was her name) was extremely rude,Unprofessional employees
They began service on my car then tried to charge me $75 for a routine oil change that at every other location cost less than $40,Overcharged - charged more than was agreed on
I have heard too many stories about sales people recommending things that customers don't really need,Overselling-Pressure to buy
An employee was wearing marijuana socks with shorts so it was completely visible by other customers and myself,Unprofessional employees
My car is a Mercedes Benz and not everyone can work on these cars,Employees not knowledgeable
You're guy told me I needed a part changed and that it was a driving hazard,Overselling-Pressure to buy
"Customer service was poor - the assistant manager who I was working with during the entire transaction was not friendly, did not speak clearly to me and was generally unhelpful as I was visiting this location for the first time and giving my business to a Jiffy Lube for the first time in 6 years",Service took too long,Poor customer service
They broke my AC one time,Interior/Exterior car damage
I thought that in the signature oil change service that you got interior vacuuming and also windshield fluid check and fill and neither were done,Vacuuming not done propertly,"Fluids not topped off (ie engine coolant, washer fluid)"
Not a place for other services
have my own mechanic,Competition-prefer local mechanic
I don't use Jiffy Lube for any other service besides oil changes,Competition-prefer other car care chain
There is a chronic problem with either striping the screws that hold on the undercarriage or losing the screw this has happened on three cars now,Interior/Exterior car damage
"For one, I was shocked at the price of the oil change",Price too high
Did not have the oil that I normally use,Item out of stock
"I have a mechanic who does other work but I like to have my oil changed at Jiffy Lube, quick & easy",Competition-prefer local mechanic
I would rather have a reputable certified auto mechanic perform other routine maintenance on my vehicle,Competition-prefer local mechanic
I usually only go to Jiffy Lube if I can't go to my primary mechanic,Competition-prefer local mechanic
This is second time i was about to leave after my oil change an items marked completed were not done,Other service issues
Maintenance is done by a family friend,Competition-prefer local mechanic
They don't pay attention to notes on your computer,Poor customer service
Depends what is needed done but would go to local small business machanic,Competition-prefer other car care chain
husband does repairs,Competition-prefer local mechanic
Less expensive at other places,Price too high
i do this myself,Price too high
I asked the man to only give me the oil included in the signature service and he still uncharged me,Overcharged - charged more than was agreed on
Very poor service,Poor customer service
They lied to me told me the brake fluid was so low they could not check it,Misinformation about car/service needs given to customer
I have major service maintainance done at my car dealer,Competition-prefer other car care chain
To expensive for a oil change,Price too high
I am upset that the $29.99 special has been discontinued,Other issues
"Staff was unprofessional, expensive and I had to get the problem fixed again (by my mechanic) within 12 hours of jiffy lube service",Price too high,Unprofessional employees,Competition-prefer local mechanic
The oilstick got  broken by one of the guys that work there,Interior/Exterior car damage
Have somewhere else I use for other things,Competition-prefer other car care chain
Too expensive,Price too high
I use a local garage has experienced technicians,Competition-prefer local mechanic
Charged me $20.00 more than I have ever paid for the same oil change at the same place,Overcharged - charged more than was agreed on
The woman that handled my information was very rude,Unprofessional employees
I use the dealer for all maintenance work,Competition-prefer other car care chain
This is the first time I've had an experience that wasn't great,Poor customer service
I will go to my dealership for warranty upkeep purposes,Competition-prefer other car care chain
They did not vacuum my floors like they said,Vacuuming not done propertly
Cost - much more expensive than other places for an oil change,Price too high
Your prices are outrageous,Price too high
Took almost 45 min,Service took too long
I was in the lobby 36 minutes before anyone said anything to me,Service took too long,Poor customer service
"Had to wait at ""Not So Jiffy Lube"" 25 freaking minutes to get an oil change",Service took too long
The person that helped me had no idea what car I was even driving,Employees not knowledgeable
My Ford mechanic does all the maintenance on this car,Competition-prefer local mechanic
They were suppose to check all fluids and the next day I needed power steering fluid so they didn't check all fluids like I asked so it makes me think they didn't do the rest of the stuff that I asked,Overcharged - charged more than was agreed on
I arrived at 8:11am and the shop was suppose to open at 8am,Unprofessional employees
They indicated that they cleaned the carpets and windows on my receipt,Other service issues
the checklist on my recipt wasnt done,Overcharged - charged more than was agreed on
They broke my light switch that control my head lights,Interior/Exterior car damage
"$88 for an oil change? WHAT A JOKE!",Price too high
I was very disappointed with the service,Other service issues
I go to a mechanic and not a lube tech for needed repairs,Competition-prefer local mechanic
"they did not top off all the fluids,  spilt oil on front of car and did not clean it up, tried to get me to buy things for my car that i did not need wiper blades and rad  cap",Other service issues
"It's nothing about my experience, just that I am comfortable taking my car to Jiffy Lube for an oil change, but if it needs other work done, I will take it to a shop",Competition-prefer other car care chain
Have another mechanic I take the car,Competition-prefer local mechanic
The mechanic tried way too hard to sell me stuff that does not need to be serviced,Competition-prefer local mechanic
"Other than oil changes, I prefer to go to my dealer",Competition-prefer other car care chain
I have a good mechanic already,Competition-prefer local mechanic
I'm not convinced the staff knows anything more than how to change fluids & filters,Employees not knowledgeable
My vehicle is still under the manufacturers warranty,Competition-prefer other car care chain
I feel like I am being taken advantage of & always have to choose the more expensive services,Price too high
Have been satisfied with other shops for other maintenance needs,Competition-prefer local mechanic
Other mechanics have better pricing,Competition-prefer local mechanic
Bad services over charges and didn't even take coupons,Overcharged - charged more than was agreed on
I usually do routine maintenance at my mechanic,Competition-prefer local mechanic
I do most of the other services myself,Competition-prefer local mechanic
"I had an oil change done and a battery replaced, service was quick but when I checked under the hood when I got home there were tools, trash, and even loose parts from my car were left under there",Unprofessional employees
"I will only receive an oil change because I have been going to the same location for years and it is convenient, however one employee was very unprofessional and was trying to ask me out",Unprofessional employees
"Prices were to high but we are leaving on vacation next week and didn't have time to look around for discounts, or specials!",Price too high
The manager? (Had on white shirt)was a weirdo made me feel uncomfortable,Unprofessional employees
"If you stop bringing the air filter to me and offer a new one, I'll consider",Overselling-Pressure to buy
I was charged $475 for for a wheel bearing and $ 30 for a light bulb and on top of that they left my air filter out,Overcharged - charged more than was agreed on
The employees at Jiffy Lube try to get me to buy everything while I'm there and tell me my vehicle needs all sorts of things done to it when I only came in for an oil change and that was all that I wanted,Overselling-Pressure to buy
I felt it was a bit over priced for the services I received,Price too high
When they changed my oil the did not reset the maintenance required light so I will probably just go to the dealer from now on to be sure that everything is actually done right,"Oil service light not reset "
"$130.00 to change oil in sons car is bullshit and way to expensive",Price too high
They tried to sell high perf oil air filter and cab filter for an extra $150,Overselling-Pressure to buy
They replaced my windshield wipers and they blew off while driving on the freeway during a rainstorm!,Interior/Exterior car damage
I think my local mechanic is more capable of taking care of those issues,Competition-prefer local mechanic
Have an auto mechanic that I use,Competition-prefer local mechanic
Watched 3 disatisfied customers voice their opinions while i waited 1.5 hours for my oil change that i was told would take 30 minutes,Service took too long,Unprofessional employees
"Technician told me that Subaru specified that my car should have the brake fluid replaced and the differential fluid changed, which would have cost me over $150",Price too high
go to dealer,Competition-prefer other car care chain
Items seem to be overpriced,Price too high
No attempt was made to reconcile the frustration from having to get a window rolled up that was carelessly rolled down in spite of having window-lock on,Interior/Exterior car damage
My son is an auto mechanic,Competition-prefer local mechanic
I have a mechanic I use for,Competition-prefer local mechanic
They got oil all over my floor mats AGAIN,Interior/Exterior car damage
The staff are really rude not helpful,Unprofessional employees
I go to a longtime auto shop that I've used for years,Service took too long
Took 5 hours when I was told it should only take 2,Service took too long
"Every time I go to a jiffy lube, the service gentleman would always give me a quote, before they touch your vehicle",Service took too long
I have a warranty with jeep,Competition-prefer other car care chain
lack of trust based on incompetent inspector,Untrustworthy\Mistrust,Unprofessional employees
"My air filter was not inspected, I went in knowing I had a front right single light out and that was over looked by this jiffy lube location",Unprofessional employees
"I feel like the some technicians are completely not knowledgeable in regards to transmission flushes, rotating tires",Employees not knowledgeable
I can receive the same services with better customer service at a competitor,Poor customer service
I had a tire rotation done at the mesquite location and they charged me $10 then I had another done at the Forney location and they charged me $29,Tire rotation service issue,Overcharged - charged more than was agreed on
It was WAY TOO EXPENSIVE,Price too high
I prefer other service done at a car dealer,Competition-prefer other car care chain
Do not look to jiffy lube for service beyond oil changes,Competition-prefer other car care chain
The Jiffy Lube was understaffed and notattentive to the service I needed done the service was extremely slow I spent all afternoon for a simple oil change,Unprofessional employees,Service took too long
Customer service is pushy and recommends things that aren't needed and prices are above average,Price too high
They did not check the battery and the next day it died and I was stranded,Alignment or Battery service issues
I felt like they were asking to do a lot of extra work on the carto increase their profit,Overselling-Pressure to buy
Not happy with past service and way employees presented themselves,Unprofessional employees,Poor customer service
The interactions I had with employees were not very friendly and their overall demeanor suggested a lack of interest in their job,Unprofessional employees
Work with my original dealer,Competition-prefer other car care chain
I was almost certainly overcharged,Overcharged - charged more than was agreed on
I have another person servicing my car,Competition-prefer local mechanic
The lube was done in about 15 minutes so it left me uneasy that they checked everything,Other issues
Your manager was pushing items and not listening to what I needed,Overselling-Pressure to buy
My dealership gives me free oils changes and other maintenance checks,Competition-prefer other car care chain
One worker there was willing to let me choose an oil that could invalidate my car warranty,Untrustworthy\Mistrust,Misinformation about car/service needs given to customer
"Ac was no longer working after visit little air flow, cabin air filter was not properly installed after being take",Interior/Exterior car damage
Price is way too high,Price too high
Well I did love jiffy but this visit did me in the heat said manager Billy talked me out of getting my tires rotated the way I wanted then I said well I want the front moved to the back he said best where they are no need to waste money I said can't believe you just said that then I wanted a price on brakes and wanted to get my rear seal replaced had priced it on my last oil change he said well it will take to long today OMG! It was 3 pm and they weren't busy so I'm mad so they change oil only then said I'm done and I had to ask and wait on a brake quote while checking out and  when I was there in the past friendly staff quick quotes so I could get it done  and red carpet this time nothing talked me out of repairs  so I went right down rd and got my tires rotated no prob,Price too high
