Good service for years,Good customer service
All the staff were very responsive to meetig the needs I addressed,Responsible
it was very fast,Fast/Quick/Speedy/Timely
"Quick, friendly great vacume job!!",Friendly
They were extremely friendlu and efficient,Friendly
I love the quick service and complimentary vacuum,Fast/Quick/Speedy/Timely
"The friendly, fast, and efficient service!",Friendly
"The guys at the Woodlawn location are always nice, fast, and don't try to sell me extra services",Good customer service
"close by work, prior experience with the jiffy lube I took the car to,  have been using this jiffy lube for several years",Convenient
friendly quick efficient service!,Friendly
"I have used this location for more than 15 years, and experienced the change in management",Convenient
good service and good exam of my car,Good customer service
Staff was friendly and provided prompt service,Friendly
Fast and great customer service,Good customer service
"Great job by workers, great communication, in and out quick!",Good customer service
Done very fast but professional,Professional
The quick service,Fast/Quick/Speedy/Timely
"They were coutious, friendly, knowledgeable and fast",Good customer service
The service was good,Good customer service
Love me some D$ and crew!,Good customer service
The experience with them has always been great! They expain everything about what you need and what they recommend,Knowledgeable employees
Courtesy of the staff,Friendly
I know what to expect and the cost for service,Cost
Fast service,Fast/Quick/Speedy/Timely
Quick close and pleasant people,Friendly
polite people and good service,Friendly
quick fast service,Fast/Quick/Speedy/Timely
"the time, in and out I like that",Fast/Quick/Speedy/Timely
"Prompt, friendly service",Fast/Quick/Speedy/Timely
Quick and fair,Good customer service
Location,Convenient
Great staff! Super helpful and friendly very knowledgable and trustworthy I had a five star experience with this location and will definitely be back,Friendly
speed,Fast/Quick/Speedy/Timely
them manager went over and above  to help me with my AC,Good customer service
Very good service everything was great,Good customer service
The fast service the nice And efficient workers,Good customer service
"There was a routine service that wasn't completed, my windows were cleaned",Good customer service
It's a convenient location,Convenient
Great service and good recommendations,Good customer service
I trust that they will be quick and do the job right,Responsible
Was able to be seen quickly and car was finished very quickly as well however i am not sure what other types of vehicle maintence services are offered at your facility,Fast/Quick/Speedy/Timely
I like going to the same place,Convenient
The service is great,Good customer service
Yes,Good customer service
They take care of my car each time,Good customer service
The speed in which the job is done,Fast/Quick/Speedy/Timely
It's convienant and affordable,Convenient
Easy and fast service,Fast/Quick/Speedy/Timely
"The oil change technicians are very friendly, knowledgeable, and  they get you out in a ""jiffy""",Knowledgeable employees
Good service and friendly people,Good customer service
I was satisfied overall,Good customer service
"The way the employee treatment ",Good customer service
Excellent,Good customer service
Courteous informative,Good customer service
Quick & professional service,Professional
The service was just what I expected,Good customer service
Yes,Good customer service
liked the service I have been given,Good customer service
fast service,Fast/Quick/Speedy/Timely
Quick fast and easy very comforting experience,Fast/Quick/Speedy/Timely
The service is amazing and the best customer service,Good customer service
All the employees were very helpful,Professional
Fast and good service,Fast/Quick/Speedy/Timely
Speedy service,Fast/Quick/Speedy/Timely
"convenience, continuity",Convenient
Quick and efficient and friendly plus they give you some useful tips on how to maintain your vehicle,Fast/Quick/Speedy/Timely
That was right on point very generous and very knowledgeable,Knowledgeable employees
"I go to this store, they listen, once I tell them I don't want any recommendations , they leave me alone",Responsible
The Staff Was Friendly And Knowledgeable!!,Friendly
I always have received prompt and courteous service from Jiffy Lube,Good customer service
Quick and thorough service,Good customer service
They always give me great service,Good customer service
"I love the techicians they are nice, friendly and knowledgable",Friendly
I like that it's quick and easy but I prefer a shop down the street,Convenient
"Dwayne and the team were professional and pleasant, Great customer service, though the wait was 45 mins",Good customer service
The manager Brian is so professional and personal with your needs,Professional
Service people are great and service is honest and fast,Good customer service
I always have a great experience at that location,Good customer service
Brian and his team always provide top-notch service and go the second mile to assure complete satisfaction,Good customer service
Everyone was friendly and informative and helpful,Friendly
Customer service was great,Good customer service
"Quick,friendly, understanding",Friendly
Just for the fact that I didn't need a appt and my car was taken care of in a good amount of time,Good customer service
Quick-service along with knowledgeable technicians,Fast/Quick/Speedy/Timely
Quick service,Fast/Quick/Speedy/Timely
Been going there for years,Convenient
Thoroughness and speed of service,Fast/Quick/Speedy/Timely
Quick and reasonable service,Good customer service
It wad very good,Good customer service
good service,Good customer service
"Organize, Precise and Efficient",Fast/Quick/Speedy/Timely
I've been a regular customer for all my cars at the Jiffy Lube on Rt,Good customer service
Staff seen Knowledgeable and courteous,Knowledgeable employees
Super quick service,Fast/Quick/Speedy/Timely
The staff at the shop was very helpful to me and my car was checked out very quickly and In a very safe way,Friendly
Customer for over 5 years,Convenient
"Being a senior woman, I believe that I was treated fairly, not taken advantage of",Good customer service
"The young man that helped me couldn't have been nicer, faster or more helpful!  Great customer service!!!",Friendly
Great! Fast!,Fast/Quick/Speedy/Timely
Angel provided great customer service,Good customer service
Great staff Angel and the team are awesome!,Good customer service
Angel and the other tech were extremely polite and took care of all my requests!,Friendly
No wait time,Fast/Quick/Speedy/Timely
"kindness, courtesy and good service",Good customer service
They were really fast and nice to deal with,Fast/Quick/Speedy/Timely
"Have been a customer for about 10 years and equally happy with the service, especially my location!",Good customer service
Satisfaction with outcome,Good customer service
Very polite employees,Friendly
"The staff was prompt, courteous, and professional",Friendly
I was in and out quickly and the repair job was good,Fast/Quick/Speedy/Timely
VERY GOOD SERVICE,Good customer service
"Everyone very courteous and friendly, very good experience",Friendly
Customer service by the staff,Good customer service
FAST PROMPT SERVICE,Fast/Quick/Speedy/Timely
Everyone was helpful and nice,Friendly
Everyone there is s niceo,Friendly
Friendly professional,Friendly
Convenient quality service,Convenient
"The men at the store on Seminole Blvd, are great",Good customer service
"Jiffy lube is in my neighborhood, which is convenient",Convenient
Fast and good service,Fast/Quick/Speedy/Timely
Friendly servicemen,Friendly
It was fast and efficient service,Fast/Quick/Speedy/Timely
I trust them,Other
Very good service and polite employees,Good customer service
Fast service and excellent staff,Fast/Quick/Speedy/Timely
You have the oil that my car requires,Have equipment needed
Because of the extras they do to your car,Value
Friendly people  and knowledgeable,Friendly
Not a long wait,Fast/Quick/Speedy/Timely
Good service,Good customer service
Fast and honest,Fast/Quick/Speedy/Timely
quality service,Good customer service
Professional friendly service,Professional
Quick service,Fast/Quick/Speedy/Timely
Quick and courteous service,Friendly
Very friendly and fast!,Fast/Quick/Speedy/Timely
"We like to be consistent and going to Jiffy Lube helps with that ",Convenient
"Very good service, and happy workers",Good customer service
I have been going there for 35 years,Good customer service
The staff was excellent,Knowledgeable employees
They were very courteous,Friendly
I know what kind of service to expect from them,Good customer service
"Service is quick, reasonably priced and Derek is great",Fair price,Fast/Quick/Speedy/Timely
Good communication,Good customer service
The service gentleman was very polite and helpful when it came to my oil change and other recommended services,Friendly
In depth explanation and speed of service,Knowledgeable employees
Fast service and they are always friendly,Fast/Quick/Speedy/Timely
"Fast service, great customer service",Fast/Quick/Speedy/Timely
The staff was so courteous and friendly!,Friendly
The quality and care of service provided by the staff,Friendly
Quick and high quality service,Fast/Quick/Speedy/Timely
Courtesy,Friendly
Promptness in service,Fast/Quick/Speedy/Timely
Courteous and efficient service every time!,Friendly
Fast service,Fast/Quick/Speedy/Timely
The manager and lead tech went above and beyond to make sure I was fully informed with regards to suggested vehicle maintenance and pricing,Knowledgeable employees
"The service was quick, complete and the service staff were polite and explained everything to me",Fast/Quick/Speedy/Timely
Friendly and professional,Friendly
Great and fast,Fast/Quick/Speedy/Timely
Love the employees,Knowledgeable employees
Quick service,Fast/Quick/Speedy/Timely
Very pro and quick service,Fast/Quick/Speedy/Timely
Personnel was terrific,Knowledgeable employees
I love the great customer service jiffy lube promotes,Good customer service
Great customer service,Good customer service
Depends on whether I am in a location where one is conveniently located,Convenient
Prompt courteous service,Friendly
Excellent service very knowledgeable of their trade,Good customer service
"Consistency in returning, no problems any time I have gone",Good customer service
This location in particular was so quick and polite,Friendly
Efficient,Fast/Quick/Speedy/Timely
Efficient,Fast/Quick/Speedy/Timely
"Fast, excellent customer service",Fast/Quick/Speedy/Timely
"Fast, friendly, professional",Professional
The employees at Jiffy Lube know my car and are quite good at their job!,Fast/Quick/Speedy/Timely
The men there were so kind and more than eager to,Professional
"Everything about the experience - the convenient location, the cost, the quick service",Convenient,Cost,Fast/Quick/Speedy/Timely
"THEY TELL ME EVERYTHING i NEED TO KNOW, SERVICE IS QUICK AND CONVENIENT TO MY HOUSE",Knowledgeable employees
very courteous had oil changed in a timely manner   also advised me of engine filter that needed to be replaced,Friendly
Good work done quickly and at a reasonable price,Good customer service
Easy,Convenient
Savings,Fair price
They were fast and friendly,Friendly
Was in and out in about 20 minutes on a weekend,Fast/Quick/Speedy/Timely
Quick service in and out no problems,Fast/Quick/Speedy/Timely
Quick in and out,Fast/Quick/Speedy/Timely
Quick and easy,Fast/Quick/Speedy/Timely
The service is quick and the staff was efficient and very attentive!,Fast/Quick/Speedy/Timely
Good job,Good customer service
"Easy drive in, pay, drive out",Convenient
The staff there is extremely friendly and courteous,Friendly
The customer service was excellent! Knowledge and efficiency,Good customer service
I may go to the Lexus dealer for my routine maintenance,Good customer service
I have been coming to Jiffy Lube for years,Good customer service
Because of the excellent service the staff provided very professional and friendly,Friendly
quick & easy,Convenient
Great staff! They were incredibly knowledgeable and friendly,Knowledgeable employees
"Easy, perfect location, very efficient",Convenient
Great service,Good customer service
"Everyone was welcoming, polite and professional",Friendly
Wonderful customer service and finished in no time,Good customer service
The staff at the Audubon Jiffy Lube are the best!,Friendly
I can always show up without an appointment and be assisted (car serviced) within minutes of my arrival,Good customer service
The guys there are so nice and honest with their feedback ! I've always received great service at any jiffy lube I've been to,Knowledgeable employees
excellent customer service!,Good customer service
manager was excellent,Friendly
"Very fast ,clean , and efficient",Fast/Quick/Speedy/Timely
"They are respectful, fast, and honest",Responsible
Quick service,Good customer service
"Friendly , Fast service",Friendly
Great people,Friendly
"Good, fast swrvice",Good customer service
It's convenient and they have my records of oil changes,Convenient
"Fast, friendly service!",Fast/Quick/Speedy/Timely
Top services,Good customer service
"Time, no apt",Fast/Quick/Speedy/Timely
I Have Been Going There Since I Got My Car!!! Love The Service,Good customer service
The job less then 30 min: and the inside of the car was cleaned,Fast/Quick/Speedy/Timely
Quick and professional,Fast/Quick/Speedy/Timely
"It's just very convenient ,",Convenient
Consistent friendly service,Friendly
Courteous and prompt service,Friendly
Very nice also seemed very knowledgeable,Knowledgeable employees
fast good work,Fast/Quick/Speedy/Timely
Fast and efficient!,Fast/Quick/Speedy/Timely
"All staff members were courteous, professional and informative",Friendly
I was impressed with the friendliness and high level of professionalism of the staff,Friendly,Professional
Wonderful service,Good customer service
I have been a loyal Jiffy Lube customer for over 20 yrs,Good customer service
"Speed, efficiency, and great customer service",Fast/Quick/Speedy/Timely
"Quick, Pleasant service",Good customer service
I can always count on quick service that doesn't take up half my day,Fast/Quick/Speedy/Timely
Quick and friendly service,Fast/Quick/Speedy/Timely
love how friendly the staff was,Friendly
It's convenient and you keep a profile of the work done on the car,Convenient
The location manager (I think his name is Albert) is always very nice and keeps the conversation going to make the wait time go by more quickly,Friendly
Good fast service,Good customer service
They always make me and my car feel special,Good customer service
Quick and seamless service,Good customer service
I can rely on friendly service and its quick,Friendly
Immediately welcomed when I pulled up,Friendly
Fast and easy,Fast/Quick/Speedy/Timely
"Everyone is friendly, courteous and do not pressure you into purchasing repairs they may have mentioned needed",Friendly
People very nice and work done quickly and right,Friendly
It was great - I will recommend you and also bring my other car,Good customer service
They were very informative and went above and beyond for my oil change!,Knowledgeable employees
Great service!  John was awesome!,Good customer service
Fast friendly service techs,Friendly
Professionalism shown by everyone on the Team at my location,Professional
"Everything can be checked, rotates or replaced at one place",Have equipment needed
price,Fair price
Great customer service,Good customer service
Staff was very friendly and courteous throughout the time of having my oil changed,Friendly
"quick, friendly, thorough",Friendly
for the convenience  and appreciate that the service tech didn't press for the upsell,Convenient
Excellent service,Good customer service
They were so quick to get the job done,Fast/Quick/Speedy/Timely
The workers were friendly and helpful from the moment I pulled around back to begin my Oil Change,Friendly
Quick and easy service,Fast/Quick/Speedy/Timely
Quick and easy service,Fast/Quick/Speedy/Timely
Jerome Holbrook always gets my vehicle in and out fast,Fast/Quick/Speedy/Timely
Ease of service,Convenient
Quick in and out service,Fast/Quick/Speedy/Timely
"Great Service, extremely professional and knowledgeable",Good customer service,Professional,Knowledgeable employees
"Quick, friendly service",Friendly
it's always quick and easy and I like how they check the fluids and do a quick clean up,Fast/Quick/Speedy/Timely
"Staff was courteous,  professional and knowledgable",Friendly
Tiempo de espera,Friendly
In and out quick,Fast/Quick/Speedy/Timely
Christopher and all the guys that work there are sweethearts they take the time to talk to you to get to know you personally and to assure you that your car will be done properly,Friendly
It is quick and easy,Fast/Quick/Speedy/Timely
Pleased with the service,Good customer service
Good service,Good customer service
Friendly and knowledgeable staff,Friendly
Chris assisted me from starting to end,Responsible
Great job keep up the good work,Good customer service
"The staff was knowledgeable, helpful, and friendly, and did a great job",Knowledgeable employees
"The guys give nice service they check your car and tell you what need to do , good customer service ",Fast/Quick/Speedy/Timely
Very quick service,Fast/Quick/Speedy/Timely
Always friendly and fast!,Friendly
Polite and quick service; records of the maintenance on my car,Fast/Quick/Speedy/Timely
"The Jiffy Lube Team I experience are very professional, nice and give good advice pertaining to vehicle maintenance and updates",Professional,Knowledgeable employees
The manager oversaw my vehicle and the technicians that where working on it,Responsible
The oil change was done fast,Fast/Quick/Speedy/Timely
"Quick, courteous, friendly service every time I go",Friendly
"Fast, efficient, hours that work with my schedule, folks are polite",Fast/Quick/Speedy/Timely
"Close, convenient and the guys were super courteous and professional",Convenient
The service is outstanding!,Fast/Quick/Speedy/Timely
the ease of the service,Convenient
"Very courteous, and efficient crew",Friendly
I've been having my oil changed at this Jiffy Lube for a couple of years now and every time I feel like a valued customer,Good customer service
Fast quality service,Fast/Quick/Speedy/Timely
Efficient and business like,Fast/Quick/Speedy/Timely
Friendly helpful staff,Friendly
Convenient and quick,Convenient
They made me feel very comfortable,Friendly
The guys were great,Friendly
"been using location for a few years and they are always quick, courteous and provide good service",Friendly
Speed and cost,Fast/Quick/Speedy/Timely,Cost
this is the best location in my area,Good customer service
"I received fast (within 20 minutes), thorough and very courteous service",Fast/Quick/Speedy/Timely
"l like the service, the quickness and the honesty with which the work is done",Fast/Quick/Speedy/Timely
"Friendly, prompt reception by tech when pulled up to door",Friendly
Great service,Good customer service
Good quick quality service,Good customer service
Fast service,Fast/Quick/Speedy/Timely
"Fast and effective, unsure about price comparison",Fast/Quick/Speedy/Timely
Convenience,Convenient
The fat blonde guy at the 29 Charlottesville jiffy lube has fucking awesome customer service skills,Good customer service
"Fast, professional and friendly service- it was an awesome experience!!",Fast/Quick/Speedy/Timely,Professional
The staff,Other
Specifically I will go to this location because of trust service and friendliness,Friendly
Quality work quickly,Fast/Quick/Speedy/Timely,Value
Very friendly and fun people to deal with!??,Friendly
A great experience! Brandon was wonderful to work with!,Good customer service
It is convenient to my Saturday routine,Convenient
"Efficient, proffesional, no high pressure sales",Professional
Fast service,Fast/Quick/Speedy/Timely
Treat you nice and they are quick,Friendly
The staff was professional efficient honest and helpful,Professional
Wonderful customer services,Good customer service
"The staff is amazing ! However this facility needs to be remodeled asap ",Friendly
Shprt wait time,Good customer service
They did a great job and did it fast,Fast/Quick/Speedy/Timely
I have started going to the same store for every oil change and am greeted by name,Good customer service
No complaints,Good customer service
Great  service,Good customer service
The guy that took care of me was very point on he knew what he was doing talking about new his computer screen,Knowledgeable employees
"Got a great oil change, but the tire rotation was a mess",Good customer service
The service was fast and the technician offered me other relevant options without pressuring me to buy anything,Fast/Quick/Speedy/Timely
Good service,Good customer service
Efficient,Good customer service
"Friendly, knowledgeable, courteous staff; value for the money/service; convenient location to my home; staff not pushy in trying to sell unnecessary products/services; staff knows my vehicle",Knowledgeable employees,Friendly,Value
Quick and efficient,Fast/Quick/Speedy/Timely
They had very friendly and fast service,Friendly
The quality of service,Good customer service
Helpful and very polite,Friendly
The speed of service,Fast/Quick/Speedy/Timely
Good service,Good customer service
They are consistently fast,Fast/Quick/Speedy/Timely
Quick,Fast/Quick/Speedy/Timely
Definitly would return,Good customer service
You get in and out within 15 minutes,Fast/Quick/Speedy/Timely
Good service,Good customer service
Customer service was excellent,Good customer service
I like the staff,Friendly
Service was decent,Good customer service
The manager Yuri have such great customer service,Good customer service
The oil change is good but the service is minimal,Good customer service
GREAT FRIENDLY SERVICE BUT NOT CLOSE TO ME,Friendly
"Extremely Polite staff, knowledge of how what needs to be done and fast service",Knowledgeable employees,Fast/Quick/Speedy/Timely
Yes,Good customer service
always satisfied with the service,Good customer service
Great customer service,Good customer service
"Excellent customer service and quick, professional service",Good customer service,Professional
Prompt and courteous service every time I am there,Good customer service
Fast quick efficient service,Good customer service
The crew were so polite and I was in and out in 10 minutes,Friendly
Everyone very nice,Friendly
Fast friendly affordable,Friendly,Fast/Quick/Speedy/Timely
fast and courteous,Fast/Quick/Speedy/Timely
"Fast, courteous, polite",Fast/Quick/Speedy/Timely
Courtesy and quick service,Fast/Quick/Speedy/Timely,Friendly
Oil changes are quick and easy and relatively cost effective,Fast/Quick/Speedy/Timely,Cost
Fast and quality service,Fast/Quick/Speedy/Timely
Care used to replace my oil filter,Good customer service
Fast and efficient,Fast/Quick/Speedy/Timely
very professional and knowledgeable,Knowledgeable employees,Professional
the great customer service from the employees,Good customer service
The two guys there were extremely nice and did not try to sell me anything else other than the standard oil change,Friendly
Great customer service!,Good customer service
I was greeted very warmly,Friendly
"It was quick, convenient and had very friendly service",Fast/Quick/Speedy/Timely,Convenient
So far nothing has gone wrong and the time it took to complete was within my lunch break at work,Good customer service
People we friendly and service was great,Friendly
excellent service all around,Good customer service
Customer service,Good customer service
The service people were very professional and work was done in a few minutes,Professional,Fast/Quick/Speedy/Timely
The staff is very polite and takes care of business,Friendly,Good customer service
Employees very pleasant and explain what was done and completed in a short time,Friendly
How nice and helpful  the employees were,Friendly
THE SERVICE WAS SWIFT AND THE EMPLOYEES HELPFUL,Responsible
"Good service, top off service",Good customer service
"Reasonable price, courteous staff",Fair price,Friendly
Not sure what other maintenance jiffy lube does,Friendly
"Friendly, thorough and convenient plus coupons",Friendly
Fast service,Fast/Quick/Speedy/Timely
I have always received prompt and courteous service,Fast/Quick/Speedy/Timely
I find that my visits to Jiffy Lube are always pleasant,Friendly
fast service,Fast/Quick/Speedy/Timely
Quick service,Fast/Quick/Speedy/Timely
I feel the dealer ship does a better inspection of the overall car,Good customer service
The workers take great care of my car and they are very professional,Professional
The staff did a great job,Good customer service
Service is great and very efficient,Good customer service
Did not wait long and people were friendly,Friendly
The servicemen were respectable and polite,Friendly
"Friendly, courteous, and quick service!",Friendly
Everyone was so nice and efficiant,Friendly
Good service,Good customer service
Friendly staff and efficient service,Friendly
I really like the tracking of all services performed on my car in one place,Good customer service
Love the service and the people are very courtious,Friendly
Price,Fair price
less on the up sale,Good customer service
"FriendLyn, courteous staff",Friendly
speed,Fast/Quick/Speedy/Timely
Quick service at good value,Good customer service
Excellent,Good customer service
I usually get plenty of coupons via mail and email and I faithfully use them for each visit,Convenient
The professional service given not only to me but others that came after me,Professional
The staff,Friendly
"Fast service and professional ",Fast/Quick/Speedy/Timely
"Nice men, close to my job, easy location",Friendly
It's very convenient to my work and the service has been quick and efficient both times I've been there,Convenient
"Quick, courteous, ecoonomical",Friendly,Fast/Quick/Speedy/Timely
I have a regular service shop for mechanical work,Convenient
Timing to complete service,Fast/Quick/Speedy/Timely
Great Service,Good customer service
I like the top off plan,Convenient
"After checking my lights they never switched the lights back to ""auto""",Good customer service
Fast and friendly service,Fast/Quick/Speedy/Timely
Eddie was great!!!,Friendly
Everyone was really nice and service was quick,Fast/Quick/Speedy/Timely,Friendly
Everyone was so nice and kept me informed with the issues on my car as well as very fast,Friendly
It's always open which is very convenient,Convenient
Prompt service,Fast/Quick/Speedy/Timely
"Professional, great service with a very knowledgeable staff!",Knowledgeable employees,Professional
"Experience was good,but have problem with my car start next day because battery cable was not tite so we have to call trpel A for jump start very dies appoints about",Good customer service
"Friendly, efficient staff",Friendly
Great employees,Knowledgeable employees
Quick oil change,Fast/Quick/Speedy/Timely
Ease of use,Convenient
oil change was fine,Good customer service
Great personal touch,Friendly
The guys were professional,Professional
The service was quick and the staff was polite and courteous,Friendly
Price is too expensive!,Fair price
Fast curteous service,Fast/Quick/Speedy/Timely
The staff remembered my name & information from calling earlier that morning,Friendly
"Fast, friendly, reasonably priced",Fast/Quick/Speedy/Timely
I have gone to this particular Jiffy Lube location for over 10 years,Convenient
I always get great service and everyone is alway courteous,Good customer service
"Great staff who were very friendly, almost no wait, work was performed well and in a timely manner",Friendly,Fast/Quick/Speedy/Timely
i get to stay in my car,Convenient
It's close and convenient,Convenient,Close to home
Fast and courteous service,Fast/Quick/Speedy/Timely
Good service however wait time was much longer than usual,Good customer service
Price,Fair price
"Quick service, friendly staff",Friendly,Fast/Quick/Speedy/Timely
I just LOVE the customer seevice,Good customer service
Very thorough and very friendly,Friendly
Courteousness and know-how of what their job was,Courtesy,Knowledgeable employees
Used to work there and know the quality of work performed,Good customer service
The price of ur service,Fair price
"Very satisfied with the way the service  went, so professional and informational",Good customer service,Professional,Knowledgeable employees
Excellent service,Good customer service
Convenient,Convenient
Convenient,Convenient
The manager is always very understanding and listens well,Friendly
Great and professional customer service! The only place in town that I know of that I can carry on a christian conversation with and people still care about people,Good customer service,Professional
"Fast, easy, convenient, and reasonably priced",Fast/Quick/Speedy/Timely,Convenient,Fair price
Good service,Good customer service
Convenient location,Convenient
They were one of the few places that don't have a two hour wait,Fast/Quick/Speedy/Timely
Fast and cheap and great service,Fast/Quick/Speedy/Timely,Good customer service
Quick service,Fast/Quick/Speedy/Timely
Always get the job done in a timely matter,Fast/Quick/Speedy/Timely
Fast great,Fast/Quick/Speedy/Timely
Hours of operation meet my busy schedule,Convenient
"Although other maintenance items were suggested, there was no hard sell",Other
Professional and caring for my vehicle,Professional
Quick and efficient,Fast/Quick/Speedy/Timely
Quickness,Fast/Quick/Speedy/Timely
Great customer service,Good customer service
customer service on point,Good customer service
Other than required for my car to be taken care of its clean inside,Value
Customer service was great and very fast,Good customer service,Fast/Quick/Speedy/Timely
"Superior, efficient, friendly service",Friendly
Both mechanics were very knowledgeable and very efficient,Knowledgeable employees
speed of service,Fast/Quick/Speedy/Timely
The Specialist there were great!,Professional,Good customer service
Speed,Fast/Quick/Speedy/Timely
It was very quick and easy,Fast/Quick/Speedy/Timely
Very professional prompt service,Fast/Quick/Speedy/Timely,Professional
They are fast and friendly,Fast/Quick/Speedy/Timely,Friendly
"I will return beside I like the price, but I felt I waiting to long",Fair price
Great customer service,Good customer service
They were courteous and friendly,Friendly,Courtesy
"The service was good and although we waited longer than expected, it wasn't too long",Good customer service
"The service is good, just as cheap as doing it myself, it saves time",Good customer service,Fair price
Great customer service,Good customer service
It was good info and quick,Fast/Quick/Speedy/Timely,Knowledgeable employees
Friendly and kind workers,Friendly
"First time, was greeted by the manager and showed how it all works",Courtesy
It was relatively quick,Fast/Quick/Speedy/Timely
Quick and courteous staff,Fast/Quick/Speedy/Timely,Courtesy
Service was swift and helpful and friendly,Friendly,Fast/Quick/Speedy/Timely
Convenience and service,Convenient,Good customer service
Good customer service,Good customer service
"Good service, good customer service, fair price",Fair price,Good customer service
Everyone there are always so nice!  Each time I have been there the service is fast and the welcoming upon arrival is awesome,Friendly,Fast/Quick/Speedy/Timely
Good service,Good customer service
"Reliable, fast, knowledgeable service no matter which location I go to",Fast/Quick/Speedy/Timely,Knowledgeable employees
All of the technicians were friendly and courteous,Friendly,Courtesy
Overall great service! Top kitch,Good customer service
Our technician Jaison was really great,Professional
Fast and convenient,Fast/Quick/Speedy/Timely,Convenient
Easy fast good service,Fast/Quick/Speedy/Timely,Convenient
Professional techs,Professional
Cause there fast service is the best,Fast/Quick/Speedy/Timely
Excellent service quick and very professional,Fast/Quick/Speedy/Timely,Professional
Every time I brought my vehicle there it has been a very quick and easy process and they make me aware of anything that they find,Fast/Quick/Speedy/Timely
Pleased with the  quick service,Fast/Quick/Speedy/Timely
Good service,Good customer service
"My reason for ""definitely will return"" is the way Jiffy Lube operates",Good customer service
Fast and a good value,Fast/Quick/Speedy/Timely,Value
Fast service,Fast/Quick/Speedy/Timely
The service was fast and also I was informed about what specials were being offered,Fast/Quick/Speedy/Timely
The service  was perfect,Good customer service
The customer service was excellent!,Good customer service
Courteous service workers,Courtesy
"Very friendly,  car  looks great after",Friendly
Prompt and efficient service,Fast/Quick/Speedy/Timely
People who work there were really friendly and nice,Friendly
customer service,Good customer service
"Usually get my oil changed at JL so, I probably will return",Good customer service
I always choose jiffy lube 99th,Good customer service
I really wish I caught this gentlemen name but this individual met me half way when I got out my car and was very welcoming and polite! He has excellent customer service! He opened the door for me where the waiting room is and ensure me there was coffee and magazine and to feel comfortable as I wait,Good customer service,Friendly
Customer service was great and the service wS pretty quick,Fast/Quick/Speedy/Timely,Good customer service
I love that anytime it will be done -no appointment is needed,Convenient
It was quick,Fast/Quick/Speedy/Timely
Everyone was  polite and throughly explained services needed and recommended,Friendly
Excellent customer service,Good customer service
The entire experience was excellent c,Good customer service
"Friendly, efficient staff",Friendly
They were friendly and easy to work with,Friendly
Quick courteous service,Fast/Quick/Speedy/Timely,Courtesy
"Service is good, people are polite",Good customer service,Friendly
I really appreciated this efficente service,Good customer service
Quick service,Fast/Quick/Speedy/Timely
Quick professional service and good looking staff,Fast/Quick/Speedy/Timely,Professional
Have been using Jiffy Lube for many years with no problems or issues to speak of,Good customer service
Seemed to be very organized,Good customer service
"Quick service, very friendly",Fast/Quick/Speedy/Timely,Friendly
"The staff was extremely professional, friendly and quick",Fast/Quick/Speedy/Timely,Professional,Friendly
I had awesome service and the techs cared,Good customer service
productive,Good customer service
Samantha was friendly and offered the many services jiffy has,Friendly
Customer Service and quick service,Fast/Quick/Speedy/Timely,Good customer service
The crew here are always professional and courteous,Professional,Courtesy
"They waited on me right away very pleasant and the office lady was,very pleasant, helpful and friendly",Friendly
Quick and professional,Fast/Quick/Speedy/Timely,Professional
Speedy work done,Fast/Quick/Speedy/Timely
"Everybody was great, helpful and quick!",Fast/Quick/Speedy/Timely,Friendly
"I like their convenience, but if I have my vehicle in to our mechanic at the time an oil",Convenient
"The team at Jiffy Lube in Quakertown, PA are excellent",Professional
"They were kind, professional and kept me informed of time that was going to be spent on my car and cost",Friendly,Professional
Convienence,Convenient
Very friendly and thorough,Friendly
Quick & friendly,Fast/Quick/Speedy/Timely,Friendly
"Courteous, Professional, Prompt !",Fast/Quick/Speedy/Timely,Courtesy,Professional
Very fast service,Fast/Quick/Speedy/Timely
Speed of service,Fast/Quick/Speedy/Timely
"Quick, efficient, friendly service",Fast/Quick/Speedy/Timely,Friendly
Very quick and polite,Fast/Quick/Speedy/Timely,Friendly
Jiffy team was exceptionally professional and courteous,Professional,Courtesy
Quick and friendly servicr,Fast/Quick/Speedy/Timely,Friendly
Professional service that was efficient,Professional
The overall cost for the oil change,Cost
Fast and friendly service,Fast/Quick/Speedy/Timely,Friendly
Fast,Fast/Quick/Speedy/Timely
"I have always had a great experience with your Quakertown,PA location",Good customer service
the service is very fast and convenient to my home,Fast/Quick/Speedy/Timely,Convenient
Always Very courteous and fast,Fast/Quick/Speedy/Timely,Courtesy
"They provided prompt, professional and courteous service",Fast/Quick/Speedy/Timely,Professional,Courtesy
"The service was excellent, and completed in a timely manner",Good customer service,Fast/Quick/Speedy/Timely
Professional staff,Professional
"Excellent customer service, short wait time and the staffs were all helpful and polite",Good customer service,Fast/Quick/Speedy/Timely
Fast service,Fast/Quick/Speedy/Timely
Because of all the extras with your signature deal,Value
Great customer service,Good customer service
"Great service, friendly staff and very quick and accommodating service",Fast/Quick/Speedy/Timely,Good customer service,Friendly
It's easy,Convenient
Nice people,Friendly
Just like t service,Good customer service
"Friendly, timely service",Friendly,Fast/Quick/Speedy/Timely
The employees did an excellent job,Professional
Service was timely and staff was polite and friendly,Friendly,Fast/Quick/Speedy/Timely
Excellent customer service at this location,Good customer service
I would say that I would definitely return to the Jiffy lube on Elston,Good customer service
The crew members are very nice,Friendly
Great and fast service,Fast/Quick/Speedy/Timely,Good customer service
Very friendly staff,Friendly
They were very nice they smile very courteous and very professional,Friendly,Courtesy,Professional
The facility was clean and the staff was helpful,Good customer service
Staff was incredibly polite and knowledgeable,Friendly,Knowledgeable employees
Excellent Service,Good customer service
It was the most efficient use of time I had that entire day,Fast/Quick/Speedy/Timely
Great and easy experience,Good customer service
Friendly customer service quick fast and reliable,Fast/Quick/Speedy/Timely,Friendly
Super quick,Fast/Quick/Speedy/Timely
Very good friendly service,Friendly
Courtesy,Courtesy
Professional and courteous,Professional,Courtesy
the overall service provide,Good customer service
Always get excellent service,Good customer service
This Jiffy Lube is near my work but I live far away,Convenient
"the knowledge that your staff has at the Castro Valley, CA location",Knowledgeable employees
The gentlemen were extremely nice and great to work with!,Friendly,Good customer service
All of your employees were very professional,Professional
cost and fast service,Fast/Quick/Speedy/Timely,Cost
Well trained staff,Knowledgeable employees
good service,Good customer service
The quick service,Fast/Quick/Speedy/Timely
Service was friendly and quick,Fast/Quick/Speedy/Timely,Friendly
Have been going to Jiffy Lube for years,Good customer service
Friendliness; concise service; speed of service,Friendly,Fast/Quick/Speedy/Timely
Attentive service,Good customer service
"Fast, friendly smile and not a lot of cross-selling",Fast/Quick/Speedy/Timely,Friendly
Great,Good customer service
"Employees provided friendly and comprehensive service, done on tim, and lower than estimated price",Fair price,Friendly
They were efficient and the wait wasn't long,Fast/Quick/Speedy/Timely
Customer service was excellent,Good customer service
It was very smooth & in & out,Fast/Quick/Speedy/Timely
"Speedy service, but with excellent customer service",Fast/Quick/Speedy/Timely,Good customer service
Fast and efficient,Fast/Quick/Speedy/Timely
The job was done quickly and I appreciate the window cleaning,Fast/Quick/Speedy/Timely
well handled,Good customer service
Quick professional n courteous,Fast/Quick/Speedy/Timely,Professional,Courtesy
Good customer service,Good customer service
good service and price with coupon   friendly staff,Fair price,Good customer service
Have been going to San Mateo Jiffy Lube and have always had a great experience,Good customer service
Staff is friendly and efficient your store is clean,Friendly
I definitely will return,Good customer service
My vehicle information and labors' perform keeps in the system which allows to keep better records of the services needs,Good customer service,Knowledgeable employees
Good service,Good customer service
I like the staff,Friendly
This is the only place ive hotten my oil changes,Good customer service
Service was great easy and quick,Fast/Quick/Speedy/Timely,Good customer service
Customer service,Good customer service
Prices,Fair price
The fast speedy service,Fast/Quick/Speedy/Timely
I appreciated the quality of the service and the service itself,Good customer service
"Excellent service, I was told my vehicle would be ready by 2:00, it was ready at 1:58",Good customer service,Fast/Quick/Speedy/Timely
I was pleasantly greeted as soon as I pulled up,Courtesy
Quick,Fast/Quick/Speedy/Timely
Have always had good sevice,Good customer service
nice service and affordable  price,Fair price,Good customer service
Everyone is so courteous and inform you of any changes to your vehicle,Courtesy
"Quick service, done right, at a reasonable price",Fast/Quick/Speedy/Timely,Fair price
Friendly courteous employees that don't try to pressure you into extras and they do a great job!,Friendly,Courtesy
The service was very efficient,Good customer service
Crew wascourteous and promp,Courtesy,Fast/Quick/Speedy/Timely
I received fast efficient service at a reasonable price,Fast/Quick/Speedy/Timely,Fair price
Quick and polite,Fast/Quick/Speedy/Timely,Friendly
Great service fast,Fast/Quick/Speedy/Timely,Good customer service
The staff was kind and the service didn't take very long,Good customer service,Friendly
I like the speed and quality of service for oil changes,Good customer service,Fast/Quick/Speedy/Timely
Always seem so thorough and professional,Professional
The crew at the Pat Booker location is fantastic,Professional
Quick and great detail,Fast/Quick/Speedy/Timely
Speed of service,Fast/Quick/Speedy/Timely
"The personnel are courteous, professional and fast",Fast/Quick/Speedy/Timely,Courtesy
Your service reps are friendly and know their products and only look to service what your vehicle needs,Friendly
Fast service and friendly staff,Fast/Quick/Speedy/Timely,Friendly
Very nice people,Friendly
"Great customer service, work done in a timely manner, convenient locations from my job & apartment",Good customer service,Fast/Quick/Speedy/Timely,Convenient
Every time I go to jiffy lube I always get good service,Good customer service
Very fast and convenient,Fast/Quick/Speedy/Timely,Convenient
"Every Jiffy Lube I've ever been to has a friendly, dedicated, thorough staff",Friendly
They do a good job quickly and well,Fast/Quick/Speedy/Timely,Good customer service
Both the front desk lady and the technician were very friendly and knowledgeable; even though it was right before closing time,Friendly,Knowledgeable employees
"Price, convenience, no pressure sale",Fair price,Convenient
Pronpt service,Fast/Quick/Speedy/Timely
"Quick service, easy in and out",Fast/Quick/Speedy/Timely
"I've been to this location many times and I've always gotten good service, and it's always been a pleasant experience",Good customer service
Service is fast,Fast/Quick/Speedy/Timely
Will return,Good customer service
fast service,Fast/Quick/Speedy/Timely
Really cares for the customer,Good customer service
Excellent customer service skills and knowledgeable tech,Good customer service,Knowledgeable employees
Great service and stay was short,Good customer service,Fast/Quick/Speedy/Timely
quick service,Fast/Quick/Speedy/Timely
Prompt and pleasant service,Fast/Quick/Speedy/Timely,Good customer service
"They had great customer service, very fast and just a really good vibe",Fast/Quick/Speedy/Timely,Good customer service
The service was amazing,Good customer service
Courteous staff and prompt service,Fast/Quick/Speedy/Timely,Courtesy
Friendly staff,Friendly
Service was very quick and efficient,Fast/Quick/Speedy/Timely
The express and super courteous service I receive every to I visit keeps me coming back!,Courtesy
They were so courteous and helpful,Courtesy
Fast service at reasonable price,Fast/Quick/Speedy/Timely,Fair price
The timing was great the explaining was do with knowledge and everyone is treated like a value customer,Fast/Quick/Speedy/Timely,Knowledgeable employees
The customer service was outstanding,Good customer service
Fast,Fast/Quick/Speedy/Timely
"Excellent customer service, quick response and very professional",Fast/Quick/Speedy/Timely,Good customer service,Professional
I arrived and was helped within minutes,Good customer service,Friendly
"Great service, very courteous",Good customer service,Courtesy
Quick and efficient,Fast/Quick/Speedy/Timely
service is prompt and thorough and friendly,Friendly,Fast/Quick/Speedy/Timely
The work was done well,Good customer service
Price was right,Fair price
Great service,Good customer service
If it was a little cheaper in price,Fair price
The staff has always been friendly and informative,Friendly,Knowledgeable employees
The Lean style service allows me to get fast service so that I can carry on with my busy schedule,Fast/Quick/Speedy/Timely
Convenience,Convenient
Quick service,Fast/Quick/Speedy/Timely
Convenient,Convenient
Service,Good customer service
"the way the service tech gets right to the point, advises on what needs to be done and allows me to answer the question and make an informed decision",Good customer service
"Quick, easy and generally good service",Fast/Quick/Speedy/Timely,Good customer service
"Speed, qualty",Fast/Quick/Speedy/Timely,Good customer service
Great services performed quickly,Fast/Quick/Speedy/Timely,Good customer service
"The upfront honest information about what my vehicle needed, and fair prices without the ""upsell"" will have me back",Fair price
It's where we typically bring the car when the 'change oil' light comes on,Other
easy and fast,Fast/Quick/Speedy/Timely
I have been a customer for years and the service is quick and good,Fast/Quick/Speedy/Timely
"Speed, quality, vacuum, honesty",Fast/Quick/Speedy/Timely,Trustworthy
"Great bunch of guys working there, fast service",Fast/Quick/Speedy/Timely,Professional
"Great personalized service ",Good customer service
Great people,Friendly
Very fast,Fast/Quick/Speedy/Timely
Usually very fast service,Fast/Quick/Speedy/Timely
Quick and efficient with awesome staff,Fast/Quick/Speedy/Timely,Friendly
Depends on schedule and where I am,Convenient
Very professional & the man who was behind the desk went out of his way to help me,Professional,Courtesy
"They are quick, efficient and friendly",Fast/Quick/Speedy/Timely,Friendly
Convenience and courtesy,Convenient,Courtesy
Good service,Good customer service
Quick service,Fast/Quick/Speedy/Timely
No appointment needed,Convenient
Friendly people and quick service,Fast/Quick/Speedy/Timely,Friendly
"They are always efficient, trustworthy, and quick",Fast/Quick/Speedy/Timely,Trustworthy
Quick service,Fast/Quick/Speedy/Timely
Conveniently located,Convenient
"Friendly , informative , and quick",Fast/Quick/Speedy/Timely,Friendly,Knowledgeable employees
professionalism of staff  very courteous staff quick  in and out,Fast/Quick/Speedy/Timely,Professional
"Staff was very professional and efficient ",Professional
Service person was friendly and helpful not pushy or overwhelming,Friendly
"Their prices are competitive with coupons, more convenient that the dealership and they also provide fluid top off and vacuuming of the front interior",Fair price
Fast and efficient,Fast/Quick/Speedy/Timely
They did a good job and give me great Service,Good customer service
"The staff is very friendly, and they do a wonderful job quickly",Fast/Quick/Speedy/Timely,Friendly
Great people,Friendly
Good service nice workers,Good customer service
Service was great!,Good customer service
"Safety, neatness, great customer service",Good customer service
Very informative,Knowledgeable employees
Just excellent overall service,Good customer service
"It was fast, quick and complete process for a valued cost, very pleased",Fast/Quick/Speedy/Timely,Value
Excellent service,Good customer service
I liked that dishing to the service the carpets are vacuumed and windows washed that was nice touches,Good customer service,Value
"Friendliness, and engagement with the customers",Friendly
Staff is very friendly and service is fast,Fast/Quick/Speedy/Timely,Friendly
The service was fast,Fast/Quick/Speedy/Timely
I've been using Jiffy Lube for year,Good customer service
This Jiffy Lube and the staff provide better service than the other Jiffy Lubes in my area,Good customer service
Keep good records about my car and I like the service provided,Good customer service
The service is great,Good customer service
Fast professional and not that uncomfortable really hard sell at other jiffy lubes,Fast/Quick/Speedy/Timely,Professional
It was convenient and easy,Convenient
Very fast service and respectful,Fast/Quick/Speedy/Timely,Courtesy
"Good price, fast service",Fair price,Fast/Quick/Speedy/Timely
Convenience,Convenient
Service,Good customer service
I've been a repeat customer for years at the catonsville shop,Good customer service
Prompt service,Fast/Quick/Speedy/Timely
THEY HAD COFFE,Value
Just great,Good customer service
"Friendly, helpful staff",Friendly
I just like the  people and it is close to my home,Friendly,Convenient
Very friendly,Friendly
"Super fast with a professional, friendly staff at the Catonsville Jiffy Lube",Fast/Quick/Speedy/Timely,Professional
Tech tech,Knowledgeable employees
"They were very helpful ",Friendly
Staff is courteous and efficient,Courtesy
"Quick & Courteous Service, Pricing",Fast/Quick/Speedy/Timely,Fair price,Courtesy
Nice men,Friendly
Clint and his team do a great job,Good customer service
"I treated with good manors , and all was explained to me",Good customer service
It was convenient and fast,Fast/Quick/Speedy/Timely,Convenient
Great advice from the staff on what I did or did not need done at that visit,Knowledgeable employees
Great job,Good customer service
The service is very quick and everyone is very kind that works at that locationz,Fast/Quick/Speedy/Timely,Friendly
Quick and friendly service,Fast/Quick/Speedy/Timely,Friendly
Adrian and the team turned everything around quickly and were very nice,Fast/Quick/Speedy/Timely,Friendly
quick service,Fast/Quick/Speedy/Timely
I've been a loyal customer for years,Good customer service
Fast and good service,Fast/Quick/Speedy/Timely
I have regularly went to Jiffy Lube for my car maintenance needs and I am usually treated very quickly and with respect with service I can count on,Fast/Quick/Speedy/Timely,Friendly
very thorough,Good customer service
They were nice and friendly,Friendly
"Brakes , a/ c",Value
I have been going for several years,Good customer service
if am in the area,Convenient
"Price, location, service extras",Fair price,Convenient
Very profecional,Professional
"Fast, professional, courteous service",Fast/Quick/Speedy/Timely,Professional,Courtesy
The fast service,Fast/Quick/Speedy/Timely
"Consistent, fast service",Fast/Quick/Speedy/Timely
"Friendliness of employees, quick service time, no wait",Fast/Quick/Speedy/Timely,Friendly
Great service!,Good customer service
professional staff and quick service,Fast/Quick/Speedy/Timely,Professional
Guys were friendly and quick!!,Fast/Quick/Speedy/Timely,Friendly
They were polite- easy and fast!,Fast/Quick/Speedy/Timely,Friendly
The men working there were excellent,Professional
I was in and out in under 20 minutes,Fast/Quick/Speedy/Timely
fast service,Fast/Quick/Speedy/Timely
Quick and efficient,Fast/Quick/Speedy/Timely
comparable prices and/or coupons,Fair price,Discounts/Coupons
"They noticed extra things that needed attention, so like how the guys double check for more than what you ask",Professional
"They were incredibly professional, fast and no unexpexted or additional fees were applied",Fast/Quick/Speedy/Timely,Professional
Great customer service,Good customer service
Always do a good job,Good customer service
Customer service (Rob and Paris),Good customer service
Friendly staff,Friendly
Love the friendliness no pressures to say no on car maintence quick service,Fast/Quick/Speedy/Timely,Friendly
Easy,Convenient
Great service,Good customer service
The crew that works there are awesome,Friendly
Quick and friendly,Fast/Quick/Speedy/Timely,Friendly
Coupons and close to home,Discounts/Coupons,Convenient
Explanation of services they provide,Knowledgeable employees
They are quick and experenced,Fast/Quick/Speedy/Timely,Knowledgeable employees
"Courteous and helpful employees, but also I like the topping off fluids, vacuum and cleaning windows when getting my oil changed, etc",Courtesy,Friendly
"Good service, clean shop, knowledgeable staff and Danielle runs a good operation",Good customer service,Knowledgeable employees
In two words; The staff,Professional
Great service,Good customer service
Good service,Good customer service
Friendly staff and good service,Friendly,Good customer service
Close to home,Convenient
I am always treated well and the service provided is  good,Good customer service
Friendly people,Friendly
"Convenient location, professional and competent personnel and the quality of service I have received over the years",Convenient,Professional
"Fast, courteous service",Fast/Quick/Speedy/Timely,Courtesy
Good speedy service,Good customer service,Fast/Quick/Speedy/Timely
speed - efficiency,Fast/Quick/Speedy/Timely
Great service and very knowledgeable,Good customer service,Knowledgeable employees
All the guys are very nice and friendly,Friendly
Service was fast and easy,Fast/Quick/Speedy/Timely
I love how helpful and kind everyone is!,Friendly
"I have been getting my oil change at this location for more than 5 years, I don't like ""change"" and like to have vehicle serviced by the same company",Good customer service
"I have a high mileage car, and the top off policy is very helpful",Value
Fast service without having to make an appointment,Fast/Quick/Speedy/Timely
They are close and service was good,Good customer service,Convenient
Great employees,Professional,Friendly
Great customer service and a speedy turnaround,Good customer service,Fast/Quick/Speedy/Timely
Like the service,Good customer service
yes,Good customer service
Good Service and communication with customers,Good customer service
"good service, quick, polite reps",Fast/Quick/Speedy/Timely,Good customer service,Friendly
"Fast, informative and friendly service",Fast/Quick/Speedy/Timely,Knowledgeable employees
Prompt friendly service,Friendly,Fast/Quick/Speedy/Timely
"Fast, professional service",Fast/Quick/Speedy/Timely,Professional
"Everyone was helpful, informative, and professional",Knowledgeable employees,Professional
Good customer service,Good customer service
Good service,Good customer service
"friendly staff, quick and clean",Fast/Quick/Speedy/Timely,Friendly
"Fast, knowledgable and friendly staff",Fast/Quick/Speedy/Timely,Knowledgeable employees
I had an excellent experience,Good customer service
The employees are extremely nice and helpful,Friendly
I've been there twice and I've loved the service both times,Good customer service
"Quick, friendly, efficient, no unnecessary upselling",Fast/Quick/Speedy/Timely,Friendly
Everyone was very helpful and friendly,Friendly
Didn't have wait to long and told you it something was wrong with your car,Fast/Quick/Speedy/Timely
Very friendly staff and went over everything in detail - pointing out what was needed abs what may be needed on my next visit,Friendly
Courteous respectful staff,Courtesy
Been going there since 2003 they are fast and courteous,Fast/Quick/Speedy/Timely,Courtesy
"The technicians are very polite, professional, and helpful",Friendly,Professional
Customer service was great,Good customer service
All of the staff had superior customer service skills! I have found my favorite place to get my oil changed! Great job!!,Good customer service
"Excellent customer service, I only take my car to Jiffy Lube",Good customer service
They were all very courteous and prompt,Fast/Quick/Speedy/Timely,Courtesy
I asked for two vehicles to be serviced at once and the employees there were so courteous and helpful,Good customer service,Courtesy
The staff was friendly and efficient! The service was outstanding and everything was explained in detail,Friendly,Good customer service
I been using them for years,Good customer service
These guys are very professional and they work very fast,Fast/Quick/Speedy/Timely,Professional
excellent friendly service,Friendly,Good customer service
Very polite and no bullshit,Friendly
The guys were very helpful with suggestions and needs for my vehicle,Friendly
