,Tweets,Name,SA,top_words,top_probs
0,@Handserifed @retrosher @maddow @McFaul And now we all know why Trump hates the media. Cuz We al know what Russia a‚Ä¶ https://t.co/ai1h5QTxqn,mca05,0,"['trump', 'http', 'know', 'davidhogg', 'mdmbqrqhm', 'speakerryan', 'maddow', 'flotu', 'inittowinit', 'realdonaldtrump']","[0.07182057, 0.04795992, 0.04795992, 0.024099266, 0.024099266, 0.024099266, 0.024099266, 0.024099266, 0.024099264, 0.024099264]"
1,"@RandyRainbow  ""You're a foul one Mr. Trump, you're a nasty, filthy lump.

You're treachery is laced with evil and‚Ä¶ https://t.co/MJC3VB5h7N",CarylAnne1963,-1,"['trump', 'http', 'putin', 'want', 'didn‚Äôt', 'summit', 'mhduyjlxqv', 'busi', 'interfer', 'hmmm']","[0.084432915, 0.04819826, 0.036673557, 0.0355104, 0.024219029, 0.024219029, 0.024219025, 0.024219025, 0.024219025, 0.024219025]"
2,"Maybe it‚Äôs not a pee tape. Maybe Trump was having sex with a guy, or guys https://t.co/tC5XIOTBLZ",Postalman,0,"['trump', 'http', 'mayb', 'gui', 'putin', 'shame', 'eart‚Ä¶', 'basebal', 'shutout', 'rout']","[0.09956714, 0.05993318, 0.047463957, 0.04684247, 0.03845096, 0.03845096, 0.038450956, 0.038450956, 0.038450956, 0.038450956]"
3,@USARanger63 @TD1TribeKU @realDonaldTrump But never stupid enough to be a trump traitor üòÇüòÇüòÇüòÇ,lostinabss,1,"['trump', 'http', 'she‚Äô', 'like', 'appear', 'get', 'don‚Äôt', 'pretti', 'like‚Ä¶', 'migrain']","[0.055077434, 0.04440422, 0.03677929, 0.03677929, 0.018481137, 0.018481137, 0.018481137, 0.018481135, 0.018481135, 0.018481135]"
4,@realDonaldTrump And the biggest enemy of the American people is Donald Trump #russian puppet #fake president #treason weasel,lostinabss,-1,"['fake', 'weasel', 'biggest', 'donald', 'enemi', 'american', 'realdonaldtrump', 'treason', 'russian', 'trump']","[0.0534109, 0.0534109, 0.05341089, 0.05341089, 0.05341089, 0.05341089, 0.05341089, 0.05341089, 0.05341089, 0.05341089]"
5,@poetofscience @laureldavilacpa @DPOC @kdeleon What vital committees? She hasn‚Äôt helped us deny Trump nominees or S‚Ä¶ https://t.co/Iq05qYNNj4,KareemGongora,1,"['trump', 'http', 'help', 'nomine', 'iqqynnj', 'vital', 'poetofsci', 'opinion', 'laureldavilacpa', 'dpoc']","[0.0720172, 0.0720172, 0.036187753, 0.03618775, 0.03618775, 0.03618775, 0.03618775, 0.03618775, 0.03618775, 0.03618775]"
6,@AndrewEvans01 @stevemiller999 @CA_Dem @fontanadems She is opposing him but her seniority hasn‚Äôt helped one bit in‚Ä¶ https://t.co/y5usYqQkre,KareemGongora,0,"['http', 'trump', 'mayor', 'despit', 'win', 'hasn‚Äôt', 'nomine', 'msndzklm', 'wai', 'last']","[0.07014682, 0.04684223, 0.02353764, 0.02353764, 0.02353764, 0.023537636, 0.023537636, 0.023537636, 0.023537636, 0.023537636]"
7,"Even President Trump gets run down, tired etc  with all that he has on his plate....
And, the Hateful People that n‚Ä¶ https://t.co/MeAbuQHRwx",tmac1222,-1,"['trump', 'report', 'tire', 'run', 'plate', 'get', 'meabuqhrwx', 'presid', 'like', 'peopl']","[0.085822515, 0.034687348, 0.034687348, 0.034687344, 0.034687344, 0.034687344, 0.034687344, 0.034687344, 0.034687344, 0.034687344]"
8,RT @sbsun: Opinion: Trump blows hot air in Helsinki: Political Cartoons https://t.co/EUE5wzYXDn,PhilDeCarolis,1,"['http', 'trump', 'putin', 'hope', 'consp‚Ä¶', 'szhumcfghi', 'presid', 'abc', 'publicli', 'chook']","[0.05965089, 0.057240136, 0.038289916, 0.038289916, 0.038289912, 0.038289912, 0.038289912, 0.038289912, 0.038289912, 0.038289912]"
9,@maddow what military agreement did Trump enter into with Russia at his secret meeting????,CarylAnne1963,-1,"['russia', 'maddow', 'agreement', 'enter', 'meet', 'militari', 'trump', 'secret', 'ye', 'hhkiynuz']","[0.07260964, 0.07260964, 0.07260964, 0.07260964, 0.07260964, 0.07260964, 0.07260964, 0.07260964, 0.00071890734, 0.00071890734]"
10,Opinion: Trump blows hot air in Helsinki: Political Cartoons https://t.co/EUE5wzYXDn,sbsun,1,"['http', 'opinion', 'trump', 'helsinki', 'blow', 'cartoon', 'hot', 'euewzyxdn', 'polit', 'air']","[0.072214395, 0.07060933, 0.07024914, 0.06956248, 0.055212095, 0.055212095, 0.055212095, 0.055212095, 0.055212095, 0.055212095]"
11,@LouDobbs @JudgeJeanine @realDonaldTrump The Democrats Are giving Putin what he wants.Democrats are dividing this c‚Ä¶ https://t.co/a9N7WjRgbY,Jenw59166869,1,"['realdonaldtrump', 'http', 'democrat', 'judgejeanin', 'divid', 'want', 'putin', 'rtjxasobi', 'trump', 'train']","[0.09173893, 0.09173893, 0.09173893, 0.046097673, 0.046097673, 0.046097673, 0.046097673, 0.046097673, 0.046097673, 0.046097673]"
12,@ananavarro He‚Äôs both why do you keep asking about compromise It was on CNN 2 years ago manafort and some olegart t‚Ä¶ https://t.co/9VW9apwJIu,SheilaDGibson2,0,"['http', 'trump', 'putin', 'ago', 'vwapwjiu', 'ask', 'protect', 'ananavarro', 'he‚Äô', 'cnn']","[0.05302031, 0.05302031, 0.02664205, 0.02664205, 0.02664205, 0.026642047, 0.026642047, 0.026642047, 0.026642047, 0.026642047]"
13,@GayRepublicSwag Correct! First of all they have no message except Russia Russia Russia Stormy Daniels Stormy Danie‚Ä¶ https://t.co/dpSxsEKXDe,levitz77,1,"['russia', 'stormi', 'trump', 'correct', 'narscist', 'question', 'secretari', 'titl', 'god', 'like']","[0.08154971, 0.054456785, 0.054456785, 0.027363861, 0.027363861, 0.027363857, 0.027363857, 0.027363857, 0.027363857, 0.027363857]"
14,@davidhogg111 They are looking at 55 millions traceable to NRA = Russians = Trump Campaign Manafort They have 5 mill tagged to McConnell,_dlh52,0,"['trump', 'http', 'know', 'davidhogg', 'mdmbqrqhm', 'speakerryan', 'maddow', 'flotu', 'inittowinit', 'realdonaldtrump']","[0.07182057, 0.04795992, 0.04795992, 0.024099266, 0.024099266, 0.024099266, 0.024099266, 0.024099266, 0.024099264, 0.024099264]"
15,@RepJayapal It could have only been a more grade school apology if Trump had been required to stand with his nose in the corner.,The_Real_PGS,1,"['http', 'trump', 'que', 'acepta', 'la', 'interfiri√≥', 'presidencial', 'new', 'mundo', 'rectifica']","[0.04795992, 0.04795992, 0.024099266, 0.024099266, 0.024099266, 0.024099264, 0.024099264, 0.024099264, 0.024099264, 0.024099264]"
16,Olive garden for trump supporters,yunglillian_,0,"['support', 'oliv', 'garden', 'trump', 'busi', 'youtub', 'fighter', 'hhkiynuz', 'ye', 'took']","[0.10191725, 0.10191725, 0.10191725, 0.10191725, 0.0010090817, 0.0010090817, 0.0010090817, 0.0010090817, 0.0010090817, 0.0010090817]"
17,Except if America had real journalist they would report that Trump was saying No to answering questions ‚Äî what a bu‚Ä¶ https://t.co/lgyz0PwcUs,rlgordon18_ruth,1,"['http', 'trump', 'putin', 'journalist', 'pfzzwquz', 'real', 'sai', 'report', 'stomach', 'peopl']","[0.07364888, 0.035431024, 0.030274922, 0.024312349, 0.024312349, 0.024312349, 0.024312345, 0.024312345, 0.024312345, 0.024312345]"
18,@Lawrenc26878616 @cameron_kasky Trump,Staceyryn,0,"['trump', 'resist', 'cameron', 'dxhdnslrpg', 'fellow', 'believ', 'hei', 'actual', 'kaski', 'question']","[0.08406525, 0.042241745, 0.042241745, 0.04224174, 0.04224174, 0.04224174, 0.04224174, 0.04224174, 0.04224174, 0.04224174]"
19,@The_Trump_Train @realDonaldTrump Traitor train,lostinabss,0,"['train', 'traitor', 'realdonaldtrump', 'trump', 'took', 'ye', 'busi', 'fighter', 'youtub', 'invit']","[0.18423465, 0.09257562, 0.09257562, 0.09257562, 0.0009165902, 0.0009165902, 0.0009165902, 0.0009165902, 0.0009165902, 0.0009165902]"
20,@AnnieMendelsohn @cameron_kasky Trump Readily Allies (Incomprehensibly) with Tyrannical Overlord and Russia. #Unhinged @realDonaldTrump,Staceyryn,1,"['http', 'trump', 'swipe', 'american', 'goprussia‚Ä¶', 'amp', 'impeach', 'support', 'kaski', 'gpvjjtedrj']","[0.06521787, 0.063823245, 0.01646507, 0.016465066, 0.016465066, 0.016465066, 0.016465066, 0.016465066, 0.016465066, 0.016465066]"
21,If someone has to interpret or say this is what he meant Is this some secret language if Trump can‚Äôt communicate th‚Ä¶ https://t.co/qiOUjKSF66,SheilaDGibson2,-1,"['trump', 'http', 'jaketapp', 'state', 'deep', 'devast', 'fear', 'gtuyeehfq', 'problem', 'lindseygrahamsc']","[0.08732623, 0.051068265, 0.034798026, 0.034798026, 0.034798022, 0.034798022, 0.034798022, 0.034798022, 0.034798022, 0.034798022]"
22,RT @warrior7147: @ShepNewsTeam Do you work CNN or Fox.... you continuously come across as being against Trump!,NJN5353,0,"['trump', 'work', 'adpgerp', 'talk', 'nice', 'kelli', 'john', 'is‚Ä¶', 'asham', 'cnn']","[0.080690496, 0.08069049, 0.040545978, 0.04054597, 0.04054597, 0.04054597, 0.04054597, 0.04054597, 0.04054597, 0.04054597]"
23,@ShepNewsTeam Do you work CNN or Fox.... you continuously come across as being against Trump!,warrior7147,0,"['continu', 'come', 'trump', 'shepnewsteam', 'fox', 'work', 'cnn', 'youtub', 'fighter', 'oregonjob']","[0.078233935, 0.078233935, 0.078233935, 0.078233935, 0.078233935, 0.078233935, 0.078233935, 0.0007745934, 0.0007745934, 0.0007745934]"
24,@StarnesDouglas @HeavyMAGA @Shastina_Eloff insult our allies and cozy up to dictators. Research is how it‚Äôs done no‚Ä¶ https://t.co/D3WKioN2sx,TroyInskeep,-1,"['http', 'japan', 'cozi', 'heavymaga', 'it‚Äô', 'apolog', 'harbor‚Äù', 'shastina', 'insult', 'pearl‚Ä¶']","[0.063770294, 0.050508395, 0.025379842, 0.025379842, 0.025379842, 0.025379842, 0.025379842, 0.02537984, 0.02537984, 0.02537984]"
25,"@realDonaldTrump No one can come close to what President Trump has accomplished for just a short period of time, mo‚Ä¶ https://t.co/NcElHu0q3o",cesyuvie,1,"['http', 'trump', 'presid', 'period', 'realdonaldtrump', 'mo‚Ä¶', 'ncelhuqo', 'accomplish', 'short', 'come']","[0.0695407, 0.05485741, 0.052530352, 0.0385037, 0.0385037, 0.0385037, 0.0385037, 0.0385037, 0.0385037, 0.0385037]"
26,Sarah just said Trump was saying 'No' to answering questions! Oh Myyyyyyy God! Help us! Her title should be W.H. Lie Secretary!,Teach1006,0,"['russia', 'stormi', 'trump', 'correct', 'narscist', 'question', 'secretari', 'titl', 'god', 'like']","[0.08154971, 0.054456785, 0.054456785, 0.027363861, 0.027363861, 0.027363857, 0.027363857, 0.027363857, 0.027363857, 0.027363857]"
27,@JohnBrennan Impeach Trump,mca05,0,"['trump', 'johnbrennan', 'impeach', 'invit', 'took', 'youtub', 'fighter', 'hhkiynuz', 'ye', 'obama']","[0.11335579, 0.11335578, 0.11335578, 0.0011223345, 0.0011223345, 0.0011223345, 0.0011223345, 0.0011223345, 0.0011223345, 0.0011223345]"
28,@LindseyGrahamSC @jaketapper And your letting this happen! TRUMP IS THE PROBLEM.,kellyke24601413,0,"['trump', 'http', 'jaketapp', 'state', 'deep', 'devast', 'fear', 'gtuyeehfq', 'problem', 'lindseygrahamsc']","[0.08732623, 0.051068265, 0.034798026, 0.034798026, 0.034798022, 0.034798022, 0.034798022, 0.034798022, 0.034798022, 0.034798022]"
29,"RT @Teach1006: I would like to know how many people on twitter are getting migraines and knots in their stomachs, everytime Trump tells a l‚Ä¶",RudyHorra,1,"['migrain', 'like', 'trump', 'tell', 'teach', 'stomach', 'peopl', 'knot', 'twitter', 'get']","[0.05361973, 0.051812187, 0.04998866, 0.048927747, 0.046230078, 0.04603703, 0.045949504, 0.04348044, 0.04097629, 0.039765246]"
30,"RT @Teach1006: I would like to know how many people on twitter are getting migraines and knots in their stomachs, everytime Trump tells a l‚Ä¶",Jimoday1,1,"['migrain', 'like', 'trump', 'tell', 'teach', 'stomach', 'peopl', 'knot', 'twitter', 'get']","[0.05361973, 0.051812187, 0.04998866, 0.048927747, 0.046230078, 0.04603703, 0.045949504, 0.04348044, 0.04097629, 0.039765246]"
31,"I would like to know how many people on twitter are getting migraines and knots in their stomachs, everytime Trump‚Ä¶ https://t.co/PF0z3ZwquZ",Teach1006,1,"['http', 'trump', 'putin', 'journalist', 'pfzzwquz', 'real', 'sai', 'report', 'stomach', 'peopl']","[0.07364888, 0.035431024, 0.030274922, 0.024312349, 0.024312349, 0.024312349, 0.024312345, 0.024312345, 0.024312345, 0.024312345]"
32,RT @jaasbear: alot of yall so insecure you would get mad at your girl. look at how unbothered he is. when you got someone you know forsure‚Ä¶,brittany_trump,-1,"['yall', 'know', 'mad', 'insecur', 'alot', 'forsure‚Ä¶', 'girl', 'got', 'jaasbear', 'unboth']","[0.059727978, 0.059727978, 0.059727978, 0.05972797, 0.05972797, 0.05972797, 0.05972797, 0.05972797, 0.05972797, 0.05972797]"
33,"@SarahPalinUSA Sad! Narscist!  He may be rich, but he is not a billionaire like Trump. Ha!",MsBabs02,-1,"['russia', 'stormi', 'trump', 'correct', 'narscist', 'question', 'secretari', 'titl', 'god', 'like']","[0.08154971, 0.054456785, 0.054456785, 0.027363861, 0.027363861, 0.027363857, 0.027363857, 0.027363857, 0.027363857, 0.027363857]"
34,@megwagner @KatyTurNBC We already knew Trump would do this. Putin and Trump always repeating the same lies day afte‚Ä¶ https://t.co/HIFXNcP4V9,Teach1006,0,"['trump', 'putin', 'http', 'hous', 'mock', 'protect', 'look', 'to‚Ä¶', 'presid', 'peopl']","[0.0877237, 0.07520962, 0.06269554, 0.012639221, 0.012639221, 0.012639221, 0.012639219, 0.012639219, 0.012639219, 0.012639219]"
35,"@EleenaShazali @jenyoduzit Trump economy.  And when you get sick, those who lost Obamacare can always use their Oba‚Ä¶ https://t.co/x7x3HjrKfj",IEPrince,-1,"['http', 'trump', 'swipe', 'american', 'goprussia‚Ä¶', 'amp', 'impeach', 'support', 'kaski', 'gpvjjtedrj']","[0.06521787, 0.063823245, 0.01646507, 0.016465066, 0.016465066, 0.016465066, 0.016465066, 0.016465066, 0.016465066, 0.016465066]"
36,"@RWPUSA @intelligencer Trump is looking to protect himself and Putin not American! He is still saying today, that P‚Ä¶ https://t.co/OPmBLAsydR",Teach1006,0,"['trump', 'putin', 'http', 'hous', 'mock', 'protect', 'look', 'to‚Ä¶', 'presid', 'peopl']","[0.0877237, 0.07520962, 0.06269554, 0.012639221, 0.012639221, 0.012639221, 0.012639219, 0.012639219, 0.012639219, 0.012639219]"
37,"@AidanSansom @inittowinit007 @SpeakerRyan @realDonaldTrump @_America_First @POTUS @FLOTUS Trump has issues, I agree‚Ä¶ https://t.co/MDmbQRQ6HM",starrchildddddd,1,"['trump', 'http', 'know', 'davidhogg', 'mdmbqrqhm', 'speakerryan', 'maddow', 'flotu', 'inittowinit', 'realdonaldtrump']","[0.07182057, 0.04795992, 0.04795992, 0.024099266, 0.024099266, 0.024099266, 0.024099266, 0.024099266, 0.024099264, 0.024099264]"
38,@AnnCoulter Trump,kellyke24601413,0,"['trump', 'putin', 'http', 'hous', 'mock', 'protect', 'look', 'to‚Ä¶', 'presid', 'peopl']","[0.0877237, 0.07520962, 0.06269554, 0.012639221, 0.012639221, 0.012639221, 0.012639219, 0.012639219, 0.012639219, 0.012639219]"
39,@JamesHasson20 Second most famous. Have you HEARD trump?!?!,kellyke24601413,1,"['trump', 'heard', 'jameshasson', 'second', 'famou', 'ye', 'took', 'youtub', 'republican', 'hhkiynuz']","[0.09257563, 0.09257562, 0.09257562, 0.09257562, 0.09257562, 0.0009165902, 0.0009165902, 0.0009165902, 0.0009165902, 0.0009165902]"
40,@daveschechter @costareports Someone needs to seriously ask the question: will Melania and Trump let Barron join th‚Ä¶ https://t.co/I1CBCxMtDF,labomski,-1,"['http', 'trump', 'be‚Ä¶', 'question', 'icbcxmtdf', 'barron', 'costareport', 'vdjycvpr', 'daveschecht', 'melania']","[0.06502751, 0.065027505, 0.032675516, 0.032675516, 0.032675516, 0.032675512, 0.032675512, 0.032675512, 0.032675512, 0.032675512]"
41,"Not only that, but these people think any brown person could be a terrorist or MS-13. Huge propaganda win by Trump,‚Ä¶ https://t.co/fKiiX6Bsxm",labomski,1,"['peopl', 'http', 'propaganda', 'fkiixbsxm', 'think', 'terrorist', 'win', 'trump', 'person', 'huge']","[0.059727978, 0.059727978, 0.05972797, 0.05972797, 0.05972797, 0.05972797, 0.05972797, 0.05972797, 0.05972797, 0.05972797]"
42,"This is very interesting. Trump would have never brought this up, unless he just got done talking about it with Put‚Ä¶ https://t.co/41VRjMuFP4",labomski,1,"['vrjmufp', 'trump', 'interest', 'put‚Ä¶', 'talk', 'brought', 'got', 'http', 'fighter', 'ye']","[0.07260964, 0.07260964, 0.07260964, 0.07260964, 0.07260964, 0.07260964, 0.07260964, 0.07260964, 0.0007189073, 0.0007189073]"
43,"@FoxNews is doing everything they can to spin Trump‚Äôs Putin-Coddling. They are even lying, saying Rosentein caused‚Ä¶ https://t.co/pNjLRgndbJ",labomski,0,"['http', 'trump', 'que', 'acepta', 'la', 'interfiri√≥', 'presidencial', 'new', 'mundo', 'rectifica']","[0.04795992, 0.04795992, 0.024099266, 0.024099266, 0.024099266, 0.024099264, 0.024099264, 0.024099264, 0.024099264, 0.024099264]"
44,Trump: You guys have Trump Derangement syndrome https://t.co/pAzwVRTWAn,jramos1914,0,"['trump', 'http', 'derang', 'pazwvrtwan', 'syndrom', 'gui', 'came', 'letsfaceitcar', 'commentari', 'poppyfield']","[0.10485314, 0.08311539, 0.05268739, 0.05268739, 0.05268739, 0.05268739, 0.036313053, 0.03538825, 0.034374516, 0.03320205]"
45,"George Will calls Trump ‚Äòsad, embarrassing wreck of a man‚Äô  https://t.co/t9hwXtOJQg",kellyke24601413,-1,"['http', 'trump', 'don‚Äôt', 'stori', 'georg', 'putin', 'said', 'ask', 'unuwnyn', 'spendin‚Ä¶']","[0.081549704, 0.081549704, 0.05445678, 0.027363857, 0.027363857, 0.027363857, 0.027363854, 0.027363854, 0.027363854, 0.027363854]"
46,"RT @sbsun: Putin says he wanted Trump to win in 2016, didn‚Äôt interfere https://t.co/mhdUyjlxqV",PhilDeCarolis,1,"['putin', 'interfer', 'win', 'want', 'trump', 'didn‚Äôt', 'mhduyjlxqv', 'sbsun', 'http', 'sai']","[0.06348208, 0.063482076, 0.063482076, 0.063482076, 0.063482076, 0.063482076, 0.063482076, 0.063482076, 0.063482076, 0.06348207]"
47,@joncoopertweets @pandaluver365 Everything should be erased they have been planning this since 2005 watch manafort‚Ä¶ https://t.co/7hu6DjkYTm,SheilaDGibson2,0,"['manafort‚Ä¶', 'watch', 'eras', 'joncoopertweet', 'pandaluv', 'plan', 'hudjkytm', 'http', 'obama', 'took']","[0.07260965, 0.07260965, 0.07260963, 0.07260963, 0.07260963, 0.07260963, 0.07260963, 0.07260963, 0.0007189073, 0.0007189073]"
48,RT @sbsun: Opinion: A careful reading of what Trump and Putin had to say in Helsinki https://t.co/PsQ6eu7A0J,PhilDeCarolis,-1,"['trump', 'http', 'help', 'nomine', 'iqqynnj', 'vital', 'poetofsci', 'opinion', 'laureldavilacpa', 'dpoc']","[0.0720172, 0.0720172, 0.036187753, 0.03618775, 0.03618775, 0.03618775, 0.03618775, 0.03618775, 0.03618775, 0.03618775]"
49,@abcnews The outrage now to pin anything on Trump 4 years later is ridiculous.,DougTrump16,-1,"['trump', 'news‚Äù', '‚Äúfake', 'republican', 'word', 'alexwassabi', 'year', 'won‚Äôt', 'http', 'protect']","[0.06502751, 0.032675516, 0.032675516, 0.032675516, 0.032675516, 0.032675516, 0.032675512, 0.032675512, 0.032675512, 0.032675512]"
50,@TrustTheEmc2 @FoxNews They always report stuff on trump like this lol just not often but most of the expense is security,holt2ic2,1,"['trump', 'report', 'tire', 'run', 'plate', 'get', 'meabuqhrwx', 'presid', 'like', 'peopl']","[0.085822515, 0.034687348, 0.034687348, 0.034687344, 0.034687344, 0.034687344, 0.034687344, 0.034687344, 0.034687344, 0.034687344]"
51,Nice that you have to get permission from someone to talk.  John Kelly should be ashamed of working for Trump.  Is‚Ä¶ https://t.co/4AdPge8r8p,Postalman,1,"['trump', 'work', 'adpgerp', 'talk', 'nice', 'kelli', 'john', 'is‚Ä¶', 'asham', 'cnn']","[0.080690496, 0.08069049, 0.040545978, 0.04054597, 0.04054597, 0.04054597, 0.04054597, 0.04054597, 0.04054597, 0.04054597]"
52,@RepRaskin  hey dude u just said ‚Äúif we went to Japan and apologized for Pearl Harbor‚Äù JAPAN ATTACKED US AT PEARL H‚Ä¶ https://t.co/92lQKLIxug,mimsyboo_thea,0,"['japan', 'pearl', 'went', 'lqklixug', 'repraskin', 'said', 'apolog', 'dude', 'http', 'attack']","[0.09612625, 0.09612625, 0.04830225, 0.04830225, 0.048302244, 0.048302244, 0.048302244, 0.048302244, 0.048302244, 0.048302244]"
53,"@Poppyfield1 @LetsFaceItCare @JohnBrennan Okay, I came here to read about SERIOUS commentary...I didn't expect to l‚Ä¶ https://t.co/H9XsIEmcV9",adia_uplift,1,"['trump', 'http', 'derang', 'pazwvrtwan', 'syndrom', 'gui', 'came', 'letsfaceitcar', 'commentari', 'poppyfield']","[0.10485314, 0.08311539, 0.05268739, 0.05268739, 0.05268739, 0.05268739, 0.036313053, 0.03538825, 0.034374516, 0.03320205]"
54,@jamie_raskin hey dude u just said ‚Äúif we went to Japan and apologized for Pearl Harbor‚Äù JAPAN ATTACKED US AT PEARL‚Ä¶ https://t.co/esXaphAa3o,mimsyboo_thea,0,"['japan', 'pearl', 'went', 'lqklixug', 'repraskin', 'said', 'apolog', 'dude', 'http', 'attack']","[0.09612625, 0.09612625, 0.04830225, 0.04830225, 0.048302244, 0.048302244, 0.048302244, 0.048302244, 0.048302244, 0.048302244]"
55,Impeach tRump! https://t.co/1rfy9Xjm1L,dora_maxey,0,"['trump', 'rfyxjml', 'http', 'impeach', 'took', 'youtub', 'fighter', 'hhkiynuz', 'ye', 'busi']","[0.10191725, 0.10191725, 0.10191725, 0.10191725, 0.0010090817, 0.0010090817, 0.0010090817, 0.0010090817, 0.0010090817, 0.0010090817]"
56,@gihhzel Trump is still our president for two years and we have ppl who hate the environment in charge of the EPA,jusjusL,-1,"['trump', 'environ', 'week', 'charg', 'ppl', 'gihhzel', 'epa', 'kill', 'stock', 'year']","[0.1009543, 0.050728288, 0.050728288, 0.050728284, 0.050728284, 0.050728284, 0.050728284, 0.050728284, 0.050728284, 0.050728284]"
57,"RT @sbsun: Putin says he wanted Trump to win in 2016, didn‚Äôt interfere https://t.co/mhdUyjlxqV",scout6923592,1,"['putin', 'interfer', 'win', 'want', 'trump', 'didn‚Äôt', 'mhduyjlxqv', 'sbsun', 'http', 'sai']","[0.06348208, 0.063482076, 0.063482076, 0.063482076, 0.063482076, 0.063482076, 0.063482076, 0.063482076, 0.063482076, 0.06348207]"
58,"Putin says he wanted Trump to win in 2016, didn‚Äôt interfere https://t.co/mhdUyjlxqV",sbsun,1,"['putin', 'interfer', 'win', 'want', 'trump', 'didn‚Äôt', 'mhduyjlxqv', 'sbsun', 'http', 'sai']","[0.06348208, 0.063482076, 0.063482076, 0.063482076, 0.063482076, 0.063482076, 0.063482076, 0.063482076, 0.063482076, 0.06348207]"
59,"Tell SB's Mayor and Council NO WAY!
Trump asks SB to support his Supreme Court nominee  despite lasting implication‚Ä¶ https://t.co/mSNDz0KlM4",IEPrince,0,"['http', 'trump', 'mayor', 'despit', 'win', 'hasn‚Äôt', 'nomine', 'msndzklm', 'wai', 'last']","[0.07014682, 0.04684223, 0.02353764, 0.02353764, 0.02353764, 0.023537636, 0.023537636, 0.023537636, 0.023537636, 0.023537636]"
60,White House asks San Bernardino leaders to support Trump‚Äôs Supreme Court nominee https://t.co/4yZSfdGOD2,BarbaraBabcock,0,"['sbsun', 'trump‚Äô', 'white', 'san', 'leader', 'nomine', 'ask', 'suprem', 'court', 'bernardino']","[0.050728288, 0.050728284, 0.050728284, 0.050728284, 0.050728284, 0.050728284, 0.050728284, 0.050728284, 0.050728284, 0.050728284]"
61,Hey fellow #resisters. Honest question: do you believe trump is stupid enough to actually say incriminating shit to‚Ä¶ https://t.co/dxhdnSLrPg,labomski,-1,"['trump', 'resist', 'cameron', 'dxhdnslrpg', 'fellow', 'believ', 'hei', 'actual', 'kaski', 'question']","[0.08406525, 0.042241745, 0.042241745, 0.04224174, 0.04224174, 0.04224174, 0.04224174, 0.04224174, 0.04224174, 0.04224174]"
62,"Putin/Russia 10, Trump/U.S. 0
In baseball we call that a shutout or rout.  Trump shamed the greatest Nation on Eart‚Ä¶ https://t.co/2kTF8PGJGS",IEPrince,1,"['trump', 'http', 'mayb', 'gui', 'putin', 'shame', 'eart‚Ä¶', 'basebal', 'shutout', 'rout']","[0.09956714, 0.05993318, 0.047463957, 0.04684247, 0.03845096, 0.03845096, 0.038450956, 0.038450956, 0.038450956, 0.038450956]"
63,"When this is all said and done, and America impeaches Trump before he fucks us over. @DavidCornDC and @Isikoff will‚Ä¶ https://t.co/UCLxbSgB4F",labomski,0,"['comei', 'trump', 'america', 'jim', 'trust', 'protector', 'jimodai', 'said', 'will‚Ä¶', 'uclxbsgbf']","[0.08773461, 0.0877346, 0.04408555, 0.044085544, 0.044085544, 0.044085544, 0.044085544, 0.044085544, 0.044085544, 0.044085544]"
64,@CNN Comey can go screw himself TRUMP 2020,shanectech1,0,"['comei', 'agon', 'realdonaldtrump', 'screw', 'loser', 'grape', 'sour', 'sore', 'trump', 'cnn']","[0.042241745, 0.042241745, 0.04224174, 0.04224174, 0.04224174, 0.04224174, 0.04224174, 0.04224174, 0.04224174, 0.04224174]"
65,"Watch ""Obama to Republicans on Disavowing Trump: WHAT TOOK YOU SO LONG"" on YouTube
https://t.co/iB3X9w828X",IEPrince,-1,"['http', 'alivelshi', 'conting', 'question', 'until‚Ä¶', 'rsppadyq', 'payoff', 'line', 'hold', 'answer']","[0.07277901, 0.04549019, 0.04549019, 0.04549019, 0.04549019, 0.04549019, 0.04549019, 0.04549019, 0.04549019, 0.04549019]"
66,Yes. We want the fighter that Trump is. https://t.co/H40HkIYNUz,herblady0519,0,"['http', 'trump', 'swipe', 'american', 'goprussia‚Ä¶', 'amp', 'impeach', 'support', 'kaski', 'gpvjjtedrj']","[0.06521787, 0.063823245, 0.01646507, 0.016465066, 0.016465066, 0.016465066, 0.016465066, 0.016465066, 0.016465066, 0.016465066]"
67,@OregonJOBS2 Ummm hmmm.... there's a reason he was one of the first business owners invited to Trump's presidential summit...,chasetherain,1,"['trump', 'http', 'putin', 'want', 'didn‚Äôt', 'summit', 'mhduyjlxqv', 'busi', 'interfer', 'hmmm']","[0.084432915, 0.04819826, 0.036673557, 0.0355104, 0.024219029, 0.024219029, 0.024219025, 0.024219025, 0.024219025, 0.024219025]"
68,@RealJamesWoods I don‚Äôt see how when asked Putin if he wanted trump to win and he said yes - I don‚Äôt get the math t‚Ä¶ https://t.co/zAXMwmrFzI,mimsyboo_thea,1,"['http', 'trump', 'don‚Äôt', 'stori', 'georg', 'putin', 'said', 'ask', 'unuwnyn', 'spendin‚Ä¶']","[0.081549704, 0.081549704, 0.05445678, 0.027363857, 0.027363857, 0.027363857, 0.027363854, 0.027363854, 0.027363854, 0.027363854]"
69,Deep State is in a Panic Fearing Putin Shared with Trump Devastating Information Not Yet Reported -‚Ä¶ https://t.co/gtuyEEHFqE,elconejotoo,-1,"['trump', 'http', 'jaketapp', 'state', 'deep', 'devast', 'fear', 'gtuyeehfq', 'problem', 'lindseygrahamsc']","[0.08732623, 0.051068265, 0.034798026, 0.034798026, 0.034798022, 0.034798022, 0.034798022, 0.034798022, 0.034798022, 0.034798022]"
70,RT @sbsun: Opinion: A careful reading of what Trump and Putin had to say in Helsinki https://t.co/PsQ6eu7A0J,mundoLatino5,-1,"['trump', 'http', 'help', 'nomine', 'iqqynnj', 'vital', 'poetofsci', 'opinion', 'laureldavilacpa', 'dpoc']","[0.0720172, 0.0720172, 0.036187753, 0.03618775, 0.03618775, 0.03618775, 0.03618775, 0.03618775, 0.03618775, 0.03618775]"
71,Opinion: A careful reading of what Trump and Putin had to say in Helsinki https://t.co/PsQ6eu7A0J,sbsun,-1,"['helsinki', 'read', 'trump', 'opinion', 'putin', 'http', 'care', 'psqeuaj', 'hhkiynuz', 'busi']","[0.06484716, 0.06400266, 0.06375744, 0.063185796, 0.062857874, 0.06063859, 0.058763314, 0.056173988, 0.0008675354, 0.0008675354]"
72,"RT @jamesanthony909: US Media: President Trump was there Russian meddling in the 2016 election?

Trump: Putin said no and furthermore Alexa‚Ä¶",Craftysince1990,0,"['trump', 'putin', 'http', 'hous', 'mock', 'protect', 'look', 'to‚Ä¶', 'presid', 'peopl']","[0.0877237, 0.07520962, 0.06269554, 0.012639221, 0.012639221, 0.012639221, 0.012639219, 0.012639219, 0.012639219, 0.012639219]"
73,"Trump swiped right for Putin &amp; left on the American people. 
‚Ä¢
#Impeach45 #TreasonTrump #trumpregrets #GOPRussia‚Ä¶ https://t.co/gpVjJtedRJ",erkeyzoo,1,"['http', 'trump', 'swipe', 'american', 'goprussia‚Ä¶', 'amp', 'impeach', 'support', 'kaski', 'gpvjjtedrj']","[0.06521787, 0.063823245, 0.01646507, 0.016465066, 0.016465066, 0.016465066, 0.016465066, 0.016465066, 0.016465066, 0.016465066]"
74,"RT @labomski: Republicans won‚Äôt allow it, just like they blocked Maria Bituna‚Äôs testimony. Either they are protecting someone (Trump or @NR‚Ä¶",EsoOrc,0,"['http', 'trump', 'putin', 'ago', 'vwapwjiu', 'ask', 'protect', 'ananavarro', 'he‚Äô', 'cnn']","[0.05302031, 0.05302031, 0.02664205, 0.02664205, 0.02664205, 0.026642047, 0.026642047, 0.026642047, 0.026642047, 0.026642047]"
75,RT @DougTrump16: @abcnews ABC feeds its hysterical chooks. They were hoping President Trump would publicly condemn Putin for a conspiracy t‚Ä¶,ggggarethg,-1,"['abcnew', 'publicli', 'chook', 'putin', 'abc', 'presid', 'dougtrump', 'feed', 'conspiraci', 'hope']","[0.053410906, 0.0534109, 0.0534109, 0.0534109, 0.0534109, 0.0534109, 0.0534109, 0.0534109, 0.0534109, 0.0534109]"
76,HATE MAKES THESE PEOPLE  CRAZY TO THE POINT OF BEING ONLY ABLE TO MAKE RADICAL COMMENTS THAT PROVE THEIR HATE!! I C‚Ä¶ https://t.co/bmJrIZZr2f,tmac1222,-1,"['hate', 'peopl', 'abl', 'prove', 'point', 'make', 'crazi', 'bmjrizzrf', 'radic', 'http']","[0.112227805, 0.056393083, 0.056393076, 0.056393076, 0.056393076, 0.056393076, 0.056393076, 0.056393076, 0.056393076, 0.056393076]"
77,"Republicans won‚Äôt allow it, just like they blocked Maria Bituna‚Äôs testimony. Either they are protecting someone (Tr‚Ä¶ https://t.co/7kuLNY6LFi",labomski,0,"['trump', 'news‚Äù', '‚Äúfake', 'republican', 'word', 'alexwassabi', 'year', 'won‚Äôt', 'http', 'protect']","[0.06502751, 0.032675516, 0.032675516, 0.032675516, 0.032675516, 0.032675516, 0.032675512, 0.032675512, 0.032675512, 0.032675512]"
78,@abcnews ABC feeds its hysterical chooks. They were hoping President Trump would publicly condemn Putin for a consp‚Ä¶ https://t.co/sZHuMcfgHI,DougTrump16,-1,"['http', 'trump', 'putin', 'hope', 'consp‚Ä¶', 'szhumcfghi', 'presid', 'abc', 'publicli', 'chook']","[0.05965089, 0.057240136, 0.038289916, 0.038289916, 0.038289912, 0.038289912, 0.038289912, 0.038289912, 0.038289912, 0.038289912]"
79,@Comey @Jimoday1 Jim Comey; I trust you! Not Trump and his protectors.,Teach1006,0,"['comei', 'trump', 'america', 'jim', 'trust', 'protector', 'jimodai', 'said', 'will‚Ä¶', 'uclxbsgbf']","[0.08773461, 0.0877346, 0.04408555, 0.044085544, 0.044085544, 0.044085544, 0.044085544, 0.044085544, 0.044085544, 0.044085544]"
80,There are also the whole Liberal groups that say nothing about the gravity of this story!! Trump haters are spendin‚Ä¶ https://t.co/uNu8wNYn59,tmac1222,1,"['http', 'trump', 'don‚Äôt', 'stori', 'georg', 'putin', 'said', 'ask', 'unuwnyn', 'spendin‚Ä¶']","[0.081549704, 0.081549704, 0.05445678, 0.027363857, 0.027363857, 0.027363857, 0.027363854, 0.027363854, 0.027363854, 0.027363854]"
81,Carol Burnett's classic GONE WITH THE WIND parody appears to have inspired Trump's favorite immigrant. (See my prev‚Ä¶ https://t.co/rWzEIWINrp,RisaAmigable,1,"['trump', 'http', 'she‚Äô', 'like', 'appear', 'get', 'don‚Äôt', 'pretti', 'like‚Ä¶', 'migrain']","[0.055077434, 0.04440422, 0.03677929, 0.03677929, 0.018481137, 0.018481137, 0.018481137, 0.018481135, 0.018481135, 0.018481135]"
82,"@realDonaldTrump Agonizing, corrupt, sour grape ,sore losers media who‚Äôs done nothing but deliver fake, fabricated,‚Ä¶ https://t.co/78OnNwsG39",cesyuvie,-1,"['comei', 'agon', 'realdonaldtrump', 'screw', 'loser', 'grape', 'sour', 'sore', 'trump', 'cnn']","[0.042241745, 0.042241745, 0.04224174, 0.04224174, 0.04224174, 0.04224174, 0.04224174, 0.04224174, 0.04224174, 0.04224174]"
83,The fact that Trump deleted the words ‚Äúbring those who meddled to justice‚Äù is even more troubling than his original‚Ä¶ https://t.co/pCMehbvjVk,labomski,1,"['trump', 'http', '‚Äúbring', 'fact', 'troubl', 'pcmehbvjvk', 'original‚Ä¶', 'justice‚Äù', 'delet', 'meddl']","[0.07042795, 0.067462295, 0.047103178, 0.047103178, 0.04710317, 0.04710317, 0.04710317, 0.04710317, 0.04710317, 0.04710317]"
84,Fucking trump killed my stocks this week üò™,rey_kale,-1,"['trump', 'environ', 'week', 'charg', 'ppl', 'gihhzel', 'epa', 'kill', 'stock', 'year']","[0.1009543, 0.050728288, 0.050728288, 0.050728284, 0.050728284, 0.050728284, 0.050728284, 0.050728284, 0.050728284, 0.050728284]"
85,"#haiku

folks waste closet space
Melania stores her clothes
next to the windows

 https://t.co/FbmjPfRb0A https://t.co/zdcQHl9RSH",RisaAmigable,-1,"['http', 'closet', 'folk', 'cloth', 'fbmjpfrba', 'melania', 'haiku', 'store', 'window', 'wast']","[0.106292985, 0.053410906, 0.053410903, 0.053410903, 0.053410903, 0.053410903, 0.053410903, 0.053410903, 0.053410903, 0.053410903]"
86,@NBCNightlyNews Of course trump os gonna say what politians want. But no other US citizen was in that meeting with putin!,POPZ_DA_KRPLR,1,"['trump', 'http', 'putin', 'want', 'didn‚Äôt', 'summit', 'mhduyjlxqv', 'busi', 'interfer', 'hmmm']","[0.084432915, 0.04819826, 0.036673557, 0.0355104, 0.024219029, 0.024219029, 0.024219025, 0.024219025, 0.024219025, 0.024219025]"
87,The answer to @AliVelshi's question is: Every one of their 'payoffs' is contingent upon them holding the line until‚Ä¶ https://t.co/rspP7a4dyQ,BetoMetroDos,-1,"['http', 'alivelshi', 'conting', 'question', 'until‚Ä¶', 'rsppadyq', 'payoff', 'line', 'hold', 'answer']","[0.07277901, 0.04549019, 0.04549019, 0.04549019, 0.04549019, 0.04549019, 0.04549019, 0.04549019, 0.04549019, 0.04549019]"
88,"@Slate Rosenstein should realize by now that Trump couldn‚Äôt care less what they find on Russia, because he won‚Äôt be‚Ä¶ https://t.co/VDj6yCvPRS",labomski,-1,"['http', 'trump', 'be‚Ä¶', 'question', 'icbcxmtdf', 'barron', 'costareport', 'vdjycvpr', 'daveschecht', 'melania']","[0.06502751, 0.065027505, 0.032675516, 0.032675516, 0.032675516, 0.032675512, 0.032675512, 0.032675512, 0.032675512, 0.032675512]"
89,@The_Trump_Train @realDonaldTrump  https://t.co/RtJx0AsoBy,kobe45451,0,"['realdonaldtrump', 'http', 'democrat', 'judgejeanin', 'divid', 'want', 'putin', 'rtjxasobi', 'trump', 'train']","[0.09173893, 0.09173893, 0.09173893, 0.046097673, 0.046097673, 0.046097673, 0.046097673, 0.046097673, 0.046097673, 0.046097673]"
90,"the Traitor-in-Chief
earned a big bonus this week
from his Russian boss

 https://t.co/FbmjPfRb0A",RisaAmigable,0,"['boss', 'traitor', 'bonu', 'big', 'earn', 'week', 'chief', 'fbmjpfrba', 'russian', 'http']","[0.06348209, 0.06348208, 0.06348208, 0.06348208, 0.06348208, 0.06348208, 0.06348208, 0.06348208, 0.06348208, 0.06348208]"
91,"Sorry, Trump, you'll have to do better than this. What he should have said, ""Yes, it's true. Putin is blackmailing‚Ä¶ https://t.co/FSTCzmMJVJ",VagabondWahine,1,"['better', 'sorri', 'fstczmmjvj', 'http', 'trump', 'true', 'ye', 'putin', 'blackmailing‚Ä¶', 'said']","[0.054778855, 0.053810604, 0.051862087, 0.048952848, 0.04880033, 0.047988765, 0.046881344, 0.044341836, 0.042997792, 0.042290177]"
92,@AlexWassabi You know we never used word ‚ÄúFake news‚Äù until trump,FERNANDODL,-1,"['trump', 'news‚Äù', '‚Äúfake', 'republican', 'word', 'alexwassabi', 'year', 'won‚Äôt', 'http', 'protect']","[0.06502751, 0.032675516, 0.032675516, 0.032675516, 0.032675516, 0.032675516, 0.032675512, 0.032675512, 0.032675512, 0.032675512]"
93,@kimguilfoyle @DonaldJTrumpJr DJ... don‚Äôt be like your dad. She‚Äôs not into you... she‚Äôs too pretty frankly... like‚Ä¶ https://t.co/Ldjj77UdLQ,kellyke24601413,1,"['trump', 'http', 'she‚Äô', 'like', 'appear', 'get', 'don‚Äôt', 'pretti', 'like‚Ä¶', 'migrain']","[0.055077434, 0.04440422, 0.03677929, 0.03677929, 0.018481137, 0.018481137, 0.018481137, 0.018481135, 0.018481135, 0.018481135]"
94,@TomiLahren Tom must not care about our president schmoozing with Putin while trashing our Intel Agencies. Or maybe‚Ä¶ https://t.co/V1nFE3qaiJ,labomski,0,"['http', 'trump', 'putin', 'journalist', 'pfzzwquz', 'real', 'sai', 'report', 'stomach', 'peopl']","[0.07364888, 0.035431024, 0.030274922, 0.024312349, 0.024312349, 0.024312349, 0.024312345, 0.024312345, 0.024312345, 0.024312345]"
95,BBC News Mundo - Trump rectifica: ahora acepta que Rusia s√≠ interfiri√≥ en las elecciones presidenciales de Estados‚Ä¶ https://t.co/rQSpXhA14D,elviscanessa,0,"['http', 'trump', 'que', 'acepta', 'la', 'interfiri√≥', 'presidencial', 'new', 'mundo', 'rectifica']","[0.04795992, 0.04795992, 0.024099266, 0.024099266, 0.024099266, 0.024099264, 0.024099264, 0.024099264, 0.024099264, 0.024099264]"
96,RT @sbsun: White House asks San Bernardino leaders to support Trump‚Äôs Supreme Court nominee https://t.co/5UggyQOIHy,PhilDeCarolis,0,"['sbsun', 'trump‚Äô', 'white', 'san', 'leader', 'nomine', 'ask', 'suprem', 'court', 'bernardino']","[0.050728288, 0.050728284, 0.050728284, 0.050728284, 0.050728284, 0.050728284, 0.050728284, 0.050728284, 0.050728284, 0.050728284]"
97,@rgraykoa @kurteichenwald Totally agree. I think people around him made a deal w Putin on dads behalf- and Putin to‚Ä¶ https://t.co/pUYHeSsd1c,kellyke24601413,0,"['trump', 'putin', 'http', 'hous', 'mock', 'protect', 'look', 'to‚Ä¶', 'presid', 'peopl']","[0.0877237, 0.07520962, 0.06269554, 0.012639221, 0.012639221, 0.012639221, 0.012639219, 0.012639219, 0.012639219, 0.012639219]"
98,White House asks San Bernardino leaders to support Trump‚Äôs Supreme Court nominee https://t.co/5UggyQOIHy,sbsun,0,"['sbsun', 'trump‚Äô', 'white', 'san', 'leader', 'nomine', 'ask', 'suprem', 'court', 'bernardino']","[0.050728288, 0.050728284, 0.050728284, 0.050728284, 0.050728284, 0.050728284, 0.050728284, 0.050728284, 0.050728284, 0.050728284]"
99,"European press mocks Trump as 'weak,' 'Putin's poodle' after summit https://t.co/fxn6iSkYhQ",vminjares2,-1,"['trump', 'putin', 'http', 'hous', 'mock', 'protect', 'look', 'to‚Ä¶', 'presid', 'peopl']","[0.0877237, 0.07520962, 0.06269554, 0.012639221, 0.012639221, 0.012639221, 0.012639219, 0.012639219, 0.012639219, 0.012639219]"
